1	ого	ой	ADJ	_	Case=Gen|Degree=Pos|Gender=Neut|Number=Sing	_	_	_	@psg1987f-words#@psg1987f#108.64#108.929
2	/	/	PUNCT	_	_	_	_	_	@psg1987f-words#@psg1987f#108.929#109.218
3	прям	пре	NOUN	_	Animacy=Inan|Case=Dat|Gender=Neut|Number=Plur	_	_	_	@psg1987f-words#@psg1987f#109.218#109.507
4	сразу	сразу	ADV	_	Degree=Pos	_	_	_	@psg1987f-words#@psg1987f#109.507#109.796
5	так	так	ADV	_	Degree=Pos	_	_	_	@psg1987f-words#@psg1987f#109.796#110.085
6	я	я	PRON	_	Case=Nom|Number=Sing|Person=1	_	_	_	@psg1987f-words#@psg1987f#110.085#110.353
7	с	с	ADP	_	_	_	_	_	@psg1987f-words#@psg1987f#110.353#110.621
8	удовольствием	удовольствие	NOUN	_	Animacy=Inan|Case=Ins|Gender=Neut|Number=Sing	_	_	_	@psg1987f-words#@psg1987f#110.621#110.89
9	я	я	PRON	_	Case=Nom|Number=Sing|Person=1	_	_	_	@psg1987f-words#@psg1987f#110.89#111.188
10	могу	мочь	VERB	_	Aspect=Imp|Mood=Ind|Number=Sing|Person=1|Tense=Pres|VerbForm=Fin|Voice=Act	_	_	_	@psg1987f-words#@psg1987f#111.188#111.486
11	об	о	ADP	_	_	_	_	_	@psg1987f-words#@psg1987f#111.486#111.784
12	этом	этот	PRON	_	Animacy=Inan|Case=Loc|Gender=Neut|Number=Sing	_	_	_	@psg1987f-words#@psg1987f#111.784#112.082
13	часами	час	NOUN	_	Animacy=Inan|Case=Ins|Gender=Masc|Number=Plur	_	_	_	@psg1987f-words#@psg1987f#112.082#112.38
14	да	да	PART	_	_	_	_	_	@psg1987f-words#@psg1987f#116.86#117.153
15	/	/	PUNCT	_	_	_	_	_	@psg1987f-words#@psg1987f#117.153#117.446
16	абсолютно	абсолютно	ADV	_	Degree=Pos	_	_	_	@psg1987f-words#@psg1987f#117.446#117.74
17	и	и	CCONJ	_	_	_	_	_	@psg1987f-words#@psg1987f#117.75#118.115
18	причем	причем	ADV	_	Degree=Pos	_	_	_	@psg1987f-words#@psg1987f#118.115#118.48
19	/	/	PUNCT	_	_	_	_	_	@psg1987f-words#@psg1987f#118.48#118.845
20	так	так	ADV	_	Degree=Pos	_	_	_	@psg1987f-words#@psg1987f#118.845#119.21
21	получилось	получиться	VERB	_	Aspect=Perf|Gender=Neut|Mood=Ind|Number=Sing|Tense=Past|VerbForm=Fin|Voice=Mid	_	_	_	@psg1987f-words#@psg1987f#119.21#119.575
22	/	/	PUNCT	_	_	_	_	_	@psg1987f-words#@psg1987f#119.575#119.94
23	что	что	SCONJ	_	_	_	_	_	@psg1987f-words#@psg1987f#119.94#120.305
24	это	это	PRON	_	Animacy=Inan|Case=Nom|Gender=Neut|Number=Sing	_	_	_	@psg1987f-words#@psg1987f#120.305#120.67
25	/	/	PUNCT	_	_	_	_	_	@psg1987f-words#@psg1987f#120.67#121.035
26	вообще	вообще	ADV	_	Degree=Pos	_	_	_	@psg1987f-words#@psg1987f#121.035#121.4
27	ммм	мм	ADJ	_	Animacy=Inan|Case=Acc|Degree=Pos|Gender=Masc|Number=Sing	_	_	_	@psg1987f-words#@psg1987f#121.4#121.765
28	/	/	PUNCT	_	_	_	_	_	@psg1987f-words#@psg1987f#121.765#122.13
29	самый	самый	ADJ	_	Animacy=Inan|Case=Acc|Degree=Pos|Gender=Masc|Number=Sing	_	_	_	@psg1987f-words#@psg1987f#122.13#122.495
30	/	/	PUNCT	_	_	_	_	_	@psg1987f-words#@psg1987f#122.495#122.86
31	топ	топ	NOUN	_	Animacy=Inan|Case=Acc|Gender=Masc|Number=Sing	_	_	_	@psg1987f-words#@psg1987f#122.86#123.225
32	оф	оф	NOUN	_	Animacy=Inan|Case=Gen|Gender=Fem|Number=Plur	_	_	_	@psg1987f-words#@psg1987f#123.225#123.59
33	зе	за	NOUN	_	Animacy=Anim|Case=Gen|Gender=Masc|Number=Sing	_	_	_	@psg1987f-words#@psg1987f#123.59#123.955
34	топ	топ	NOUN	_	Animacy=Inan|Case=Gen|Gender=Fem|Number=Plur	_	_	_	@psg1987f-words#@psg1987f#123.955#124.32
35	ааммм	ааммма	NOUN	_	Animacy=Inan|Case=Gen|Gender=Fem|Number=Plur	_	_	_	@psg1987f-words#@psg1987f#124.32#124.7
36	шоу	шоу	NOUN	_	Animacy=Inan|Case=Gen|Gender=Neut|Number=Sing	_	_	_	@psg1987f-words#@psg1987f#124.7#125.14
37	азиатских	азиатский	ADJ	_	Case=Gen|Degree=Pos|Number=Plur	_	_	_	@psg1987f-words#@psg1987f#125.14#125.58
38	причем	причем	CCONJ	_	_	_	_	_	@psg1987f-words#@psg1987f#125.58#126.005
39	/	/	PUNCT	_	_	_	_	_	@psg1987f-words#@psg1987f#126.005#126.43
40	мне	я	PRON	_	Case=Dat|Number=Sing|Person=1	_	_	_	@psg1987f-words#@psg1987f#126.43#126.855
41	/	/	PUNCT	_	_	_	_	_	@psg1987f-words#@psg1987f#126.855#127.28
42	видимо	видимо	ADV	_	Degree=Pos	_	_	_	@psg1987f-words#@psg1987f#127.28#127.705
43	/	/	PUNCT	_	_	_	_	_	@psg1987f-words#@psg1987f#127.705#128.13
44	особенно	особенно	ADV	_	Degree=Pos	_	_	_	@psg1987f-words#@psg1987f#128.13#128.555
45	повезло	везти	VERB	_	Aspect=Perf|Gender=Neut|Mood=Ind|Number=Sing|Tense=Past|VerbForm=Fin|Voice=Act	_	_	_	@psg1987f-words#@psg1987f#128.555#128.98
46	как	как	SCONJ	_	_	_	_	_	@psg1987f-words#@psg1987f#128.98#129.415
47	всегда	всегда	ADV	_	Degree=Pos	_	_	_	@psg1987f-words#@psg1987f#129.415#129.85
48	ээ	ээ	INTJ	_	_	_	_	_	@psg1987f-words#@psg1987f#129.85#130.188
49	/	/	PUNCT	_	_	_	_	_	@psg1987f-words#@psg1987f#130.188#130.526
50	вот	вот	PART	_	_	_	_	_	@psg1987f-words#@psg1987f#130.526#130.864
51	в	в	ADP	_	_	_	_	_	@psg1987f-words#@psg1987f#130.864#131.202
52	этом	этот	DET	_	Case=Loc|Gender=Neut|Number=Sing	_	_	_	@psg1987f-words#@psg1987f#131.202#131.54
53	пуле	пуля	NOUN	_	Animacy=Inan|Case=Loc|Gender=Neut|Number=Sing	_	_	_	@psg1987f-words#@psg1987f#131.54#131.878
54	ээ	ээ	NOUN	_	Animacy=Inan|Case=Nom|Gender=Neut|Number=Sing	_	_	_	@psg1987f-words#@psg1987f#131.878#132.216
55	этого	этот	DET	_	Case=Gen|Gender=Neut|Number=Sing	_	_	_	@psg1987f-words#@psg1987f#132.216#132.554
56	шоу	шоу	NOUN	_	Animacy=Inan|Case=Gen|Gender=Neut|Number=Sing	_	_	_	@psg1987f-words#@psg1987f#132.554#132.892
57	/	/	PUNCT	_	_	_	_	_	@psg1987f-words#@psg1987f#132.892#133.23
58	это	это	PRON	_	Animacy=Inan|Case=Nom|Gender=Neut|Number=Sing	_	_	_	@psg1987f-words#@psg1987f#133.23#133.568
59	был	быть	AUX	_	Aspect=Imp|Gender=Masc|Mood=Ind|Number=Sing|Tense=Past|VerbForm=Fin|Voice=Act	_	_	_	@psg1987f-words#@psg1987f#133.568#133.91
60	какой	какой	DET	_	Case=Nom|Gender=Masc|Number=Sing	_	_	_	@psg1987f-words#@psg1987f#133.92#134.19
61	это	это	PRON	_	Animacy=Inan|Case=Nom|Gender=Neut|Number=Sing	_	_	_	@psg1987f-words#@psg1987f#134.19#134.46
62	уже	уже	ADV	_	Degree=Pos	_	_	_	@psg1987f-words#@psg1987f#134.46#134.73
63	?	?	PUNCT	_	_	_	_	_	@psg1987f-words#@psg1987f#134.73#135.0
64	седьмой	седьмой	ADJ	_	Case=Nom|Degree=Pos|Gender=Masc|Number=Sing	_	_	_	@psg1987f-words#@psg1987f#135.52#135.815
65	/	/	PUNCT	_	_	_	_	_	@psg1987f-words#@psg1987f#135.815#136.11
66	по-моему	по-моему	ADV	_	Degree=Pos	_	_	_	@psg1987f-words#@psg1987f#136.11#136.405
67	/	/	PUNCT	_	_	_	_	_	@psg1987f-words#@psg1987f#136.405#136.7
68	или	или	CCONJ	_	_	_	_	_	@psg1987f-words#@psg1987f#136.7#136.995
69	восьмой	восьмой	ADJ	_	Animacy=Inan|Case=Acc|Degree=Pos|Gender=Masc|Number=Sing	_	_	_	@psg1987f-words#@psg1987f#136.995#137.29
70	сезон	сезон	NOUN	_	Animacy=Inan|Case=Acc|Gender=Masc|Number=Sing	_	_	_	@psg1987f-words#@psg1987f#137.29#137.59
71	участвовали	участвовать	VERB	_	Aspect=Imp|Mood=Ind|Number=Plur|Tense=Past|VerbForm=Fin|Voice=Act	_	_	_	@psg1987f-words#@psg1987f#137.89#138.77
72	просто	просто	PART	_	_	_	_	_	@psg1987f-words#@psg1987f#138.77#139.65
73	ну	ну	PART	_	_	_	_	_	@psg1987f-words#@psg1987f#139.65#140.53
74	легенды	легенда	NOUN	_	Animacy=Inan|Case=Nom|Gender=Masc|Number=Plur	_	_	_	@psg1987f-words#@psg1987f#140.53#141.41
75	эээ	эээ	NOUN	_	Animacy=Inan|Case=Gen|Gender=Fem|Number=Sing	_	_	_	@psg1987f-words#@psg1987f#141.41#142.29
76	китайского	китайский	ADJ	_	Case=Gen|Degree=Pos|Gender=Masc|Number=Sing	_	_	_	@psg1987f-words#@psg1987f#142.29#143.4
77	ну	ну	PART	_	_	_	_	_	@psg1987f-words#@psg1987f#143.4#143.629
78	да	да	PART	_	_	_	_	_	@psg1987f-words#@psg1987f#143.629#143.858
79	/	/	PUNCT	_	_	_	_	_	@psg1987f-words#@psg1987f#143.858#144.087
80	шоубизнеса	шоубизнес	NOUN	_	Animacy=Inan|Case=Gen|Gender=Masc|Number=Sing	_	_	_	@psg1987f-words#@psg1987f#144.087#144.316
81	/	/	PUNCT	_	_	_	_	_	@psg1987f-words#@psg1987f#144.316#144.545
82	наверное	наверное	ADV	_	Degree=Pos	_	_	_	@psg1987f-words#@psg1987f#144.545#144.774
83	/	/	PUNCT	_	_	_	_	_	@psg1987f-words#@psg1987f#144.774#145.003
84	если	если	SCONJ	_	_	_	_	_	@psg1987f-words#@psg1987f#145.003#145.232
85	так	так	ADV	_	Degree=Pos	_	_	_	@psg1987f-words#@psg1987f#145.232#145.461
86	можно	можно	ADV	_	Degree=Pos	_	_	_	@psg1987f-words#@psg1987f#145.461#145.69
87	то	то	PRON	_	Animacy=Inan|Case=Nom|Gender=Neut|Number=Sing	_	_	_	@psg1987f-words#@psg1987f#145.69#145.928
88	есть	быть	VERB	_	Aspect=Imp|Mood=Ind|Number=Sing|Person=3|Tense=Pres|VerbForm=Fin|Voice=Act	_	_	_	@psg1987f-words#@psg1987f#145.928#146.166
89	/	/	PUNCT	_	_	_	_	_	@psg1987f-words#@psg1987f#146.166#146.404
90	вот	вот	PART	_	_	_	_	_	@psg1987f-words#@psg1987f#146.404#146.642
91	/	/	PUNCT	_	_	_	_	_	@psg1987f-words#@psg1987f#146.642#146.88
92	например	например	ADV	_	Degree=Pos	_	_	_	@psg1987f-words#@psg1987f#146.88#147.118
93	/	/	PUNCT	_	_	_	_	_	@psg1987f-words#@psg1987f#147.118#147.356
94	тот	тот	DET	_	Case=Nom|Gender=Masc|Number=Sing	_	_	_	@psg1987f-words#@psg1987f#147.356#147.594
95	человек	человек	NOUN	_	Animacy=Anim|Case=Nom|Gender=Masc|Number=Sing	_	_	_	@psg1987f-words#@psg1987f#147.594#147.832
96	/	/	PUNCT	_	_	_	_	_	@psg1987f-words#@psg1987f#147.832#148.07
97	который	который	PRON	_	Case=Nom	_	_	_	@psg1987f-words#@psg1987f#148.07#148.308
98	победил	победить	VERB	_	Aspect=Perf|Gender=Masc|Mood=Ind|Number=Sing|Tense=Past|VerbForm=Fin|Voice=Act	_	_	_	@psg1987f-words#@psg1987f#148.308#148.546
99	в	в	ADP	_	_	_	_	_	@psg1987f-words#@psg1987f#148.546#148.784
100	итоге	итог	NOUN	_	Animacy=Inan|Case=Loc|Gender=Masc|Number=Sing	_	_	_	@psg1987f-words#@psg1987f#148.784#149.022
101	/	/	PUNCT	_	_	_	_	_	@psg1987f-words#@psg1987f#149.022#149.26
102	ааа	аа	NOUN	_	Animacy=Inan|Case=Gen|Gender=Masc|Number=Sing	_	_	_	@psg1987f-words#@psg1987f#149.26#149.5
103	он	он	PRON	_	Case=Nom|Gender=Masc|Number=Sing|Person=3	_	_	_	@psg1987f-words#@psg1987f#149.51#150.257
104	по	по	ADP	_	_	_	_	_	@psg1987f-words#@psg1987f#150.257#151.004
105	масштабам	масштаб	NOUN	_	Animacy=Inan|Case=Dat|Gender=Masc|Number=Plur	_	_	_	@psg1987f-words#@psg1987f#151.004#151.751
106	Кобзон	Кобзон	PROPN	_	Animacy=Anim|Case=Nom|Gender=Masc|Number=Sing	_	_	_	@psg1987f-words#@psg1987f#151.751#152.5
107	именно	именно	PART	_	_	_	_	_	@psg1987f-words#@psg1987f#155.63#156.51
108	и	и	CCONJ	_	_	_	_	_	@psg1987f-words#@psg1987f#156.61#156.856
109	вот	вот	PART	_	_	_	_	_	@psg1987f-words#@psg1987f#156.856#157.102
110	клянусь	клясться	VERB	_	Aspect=Perf|Mood=Ind|Number=Sing|Person=1|Tense=Fut|VerbForm=Fin|Voice=Mid	_	_	_	@psg1987f-words#@psg1987f#157.102#157.348
111	тебе	ты	PRON	_	Case=Dat|Number=Sing|Person=2	_	_	_	@psg1987f-words#@psg1987f#157.348#157.594
112	/	/	PUNCT	_	_	_	_	_	@psg1987f-words#@psg1987f#157.594#157.84
113	именно	именно	PART	_	_	_	_	_	@psg1987f-words#@psg1987f#157.84#158.086
114	так	так	ADV	_	Degree=Pos	_	_	_	@psg1987f-words#@psg1987f#158.086#158.332
115	/	/	PUNCT	_	_	_	_	_	@psg1987f-words#@psg1987f#158.332#158.578
116	да	да	PART	_	_	_	_	_	@psg1987f-words#@psg1987f#158.578#158.824
117	/	/	PUNCT	_	_	_	_	_	@psg1987f-words#@psg1987f#158.824#159.07
118	то	то	PRON	_	Animacy=Inan|Case=Nom|Gender=Neut|Number=Sing	_	_	_	@psg1987f-words#@psg1987f#159.07#159.316
119	есть	быть	VERB	_	Aspect=Imp|Mood=Ind|Number=Sing|Person=3|Tense=Pres|VerbForm=Fin|Voice=Act	_	_	_	@psg1987f-words#@psg1987f#159.316#159.562
120	мы	мы	PRON	_	Case=Nom|Number=Plur|Person=1	_	_	_	@psg1987f-words#@psg1987f#159.562#159.808
121	даже	даже	PART	_	_	_	_	_	@psg1987f-words#@psg1987f#159.808#160.054
122	их	они	PRON	_	Case=Acc|Number=Plur|Person=3	_	_	_	@psg1987f-words#@psg1987f#160.054#160.3
123	подпольно	подпольно	ADV	_	Degree=Pos	_	_	_	@psg1987f-words#@psg1987f#161.015#161.735
124	так	так	ADV	_	Degree=Pos	_	_	_	@psg1987f-words#@psg1987f#162.075#162.292
125	и	и	PART	_	_	_	_	_	@psg1987f-words#@psg1987f#162.292#162.509
126	называли	называть	VERB	_	Aspect=Imp|Mood=Ind|Number=Plur|Tense=Past|VerbForm=Fin|Voice=Act	_	_	_	@psg1987f-words#@psg1987f#162.509#162.726
127	/	/	PUNCT	_	_	_	_	_	@psg1987f-words#@psg1987f#162.726#162.943
128	ну	ну	PART	_	_	_	_	_	@psg1987f-words#@psg1987f#162.943#163.16
129	правда	правда	ADV	_	Degree=Pos	_	_	_	@psg1987f-words#@psg1987f#163.16#163.38
130	то	то	PRON	_	Animacy=Inan|Case=Nom|Gender=Neut|Number=Sing	_	_	_	@psg1987f-words#@psg1987f#163.62#163.99
131	есть	быть	VERB	_	Aspect=Imp|Mood=Ind|Number=Sing|Person=3|Tense=Pres|VerbForm=Fin|Voice=Act	_	_	_	@psg1987f-words#@psg1987f#163.99#164.36
132	[нрзб]	[нрзб]	PUNCT	_	_	_	_	_	@psg1987f-words#@psg1987f#164.36#164.73
133	был	быть	AUX	_	Aspect=Imp|Gender=Masc|Mood=Ind|Number=Sing|Tense=Past|VerbForm=Fin|Voice=Act	_	_	_	@psg1987f-words#@psg1987f#164.73#165.1
134	Кобзон	Кобзон	PROPN	_	Animacy=Inan|Case=Nom|Gender=Masc|Number=Sing	_	_	_	@psg1987f-words#@psg1987f#165.1#165.47
135	/	/	PUNCT	_	_	_	_	_	@psg1987f-words#@psg1987f#165.47#165.84
136	была	быть	AUX	_	Aspect=Imp|Gender=Fem|Mood=Ind|Number=Sing|Tense=Past|VerbForm=Fin|Voice=Act	_	_	_	@psg1987f-words#@psg1987f#165.84#166.21
137	Алла	Алл	PROPN	_	_	_	_	_	@psg1987f-words#@psg1987f#166.21#166.58
138	Борисовна	Борисовна	PROPN	_	Animacy=Anim|Case=Nom|Gender=Fem|Number=Sing	_	_	_	@psg1987f-words#@psg1987f#166.58#166.95
139	Пугачева	Пугачев	PROPN	_	Animacy=Anim|Case=Nom|Gender=Fem|Number=Sing	_	_	_	@psg1987f-words#@psg1987f#166.95#167.32
140	/	/	PUNCT	_	_	_	_	_	@psg1987f-words#@psg1987f#167.32#167.69
141	то	то	PRON	_	Animacy=Inan|Case=Nom|Gender=Neut|Number=Sing	_	_	_	@psg1987f-words#@psg1987f#167.69#168.06
142	есть	быть	VERB	_	Aspect=Imp|Mood=Ind|Number=Sing|Person=3|Tense=Pres|VerbForm=Fin|Voice=Act	_	_	_	@psg1987f-words#@psg1987f#168.06#168.43
143	да	да	PART	_	_	_	_	_	@psg1987f-words#@psg1987f#168.94#169.21
144	/	/	PUNCT	_	_	_	_	_	@psg1987f-words#@psg1987f#169.21#169.48
145	да-да	да-д	ADV	_	Degree=Pos	_	_	_	@psg1987f-words#@psg1987f#169.48#169.75
146	ну	ну	PART	_	_	_	_	_	@psg1987f-words#@psg1987f#169.785#170.113
147	потому	потому	ADV	_	Degree=Pos	_	_	_	@psg1987f-words#@psg1987f#170.113#170.441
148	что	что	SCONJ	_	_	_	_	_	@psg1987f-words#@psg1987f#170.441#170.77
149	эта	этот	DET	_	Case=Nom|Gender=Fem|Number=Sing	_	_	_	@psg1987f-words#@psg1987f#170.77#171.296
150	прекрасная	прекрасный	ADJ	_	Case=Nom|Degree=Pos|Gender=Fem|Number=Sing	_	_	_	@psg1987f-words#@psg1987f#171.296#171.822
151	эээ	эээ	NOUN	_	Animacy=Inan|Case=Nom|Gender=Neut|Number=Sing	_	_	_	@psg1987f-words#@psg1987f#171.822#172.348
152	певица	певица	NOUN	_	Animacy=Inan|Case=Gen|Gender=Neut|Number=Sing	_	_	_	@psg1987f-words#@psg1987f#172.348#172.874
153	Ти-Ю	Ти-Е	PROPN	_	Animacy=Inan|Case=Gen|Gender=Fem|Number=Sing	_	_	_	@psg1987f-words#@psg1987f#172.874#173.4
154	она	она	PRON	_	Case=Nom|Gender=Fem|Number=Sing|Person=3	_	_	_	@psg1987f-words#@psg1987f#173.43#173.774
155	то	то	PRON	_	Animacy=Inan|Case=Nom|Gender=Neut|Number=Sing	_	_	_	@psg1987f-words#@psg1987f#173.774#174.118
156	есть	быть	VERB	_	Aspect=Imp|Mood=Ind|Number=Sing|Person=3|Tense=Pres|VerbForm=Fin|Voice=Act	_	_	_	@psg1987f-words#@psg1987f#174.118#174.462
157	изобрела	изобрести	VERB	_	Aspect=Perf|Gender=Fem|Mood=Ind|Number=Sing|Tense=Past|VerbForm=Fin|Voice=Act	_	_	_	@psg1987f-words#@psg1987f#174.462#174.806
158	свой	свой	DET	_	Case=Acc|Gender=Masc|Number=Sing	_	_	_	@psg1987f-words#@psg1987f#174.806#175.15
159	особенный	особенный	ADJ	_	Animacy=Inan|Case=Acc|Degree=Pos|Gender=Masc|Number=Sing	_	_	_	@psg1987f-words#@psg1987f#175.15#175.494
160	стиль	стиль	NOUN	_	Animacy=Inan|Case=Acc|Gender=Masc|Number=Sing	_	_	_	@psg1987f-words#@psg1987f#175.494#175.838
161	в	в	ADP	_	_	_	_	_	@psg1987f-words#@psg1987f#175.838#176.182
162	музыке	музыка	NOUN	_	Animacy=Inan|Case=Loc|Gender=Fem|Number=Sing	_	_	_	@psg1987f-words#@psg1987f#176.182#176.526
163	/	/	PUNCT	_	_	_	_	_	@psg1987f-words#@psg1987f#176.526#176.87
164	то	то	PRON	_	Animacy=Inan|Case=Nom|Gender=Neut|Number=Sing	_	_	_	@psg1987f-words#@psg1987f#176.87#177.214
165	есть	быть	VERB	_	Aspect=Imp|Mood=Ind|Number=Sing|Person=3|Tense=Pres|VerbForm=Fin|Voice=Act	_	_	_	@psg1987f-words#@psg1987f#177.214#177.558
166	за	за	ADP	_	_	_	_	_	@psg1987f-words#@psg1987f#177.558#177.902
167	которым	который	PRON	_	Case=Ins	_	_	_	@psg1987f-words#@psg1987f#177.902#178.246
168	эээ	эээ	NOUN	_	Animacy=Inan|Case=Nom|Gender=Neut|Number=Sing	_	_	_	@psg1987f-words#@psg1987f#178.246#178.59
169	пошло	пойти	VERB	_	Aspect=Perf|Gender=Neut|Mood=Ind|Number=Sing|Tense=Past|VerbForm=Fin|Voice=Act	_	_	_	@psg1987f-words#@psg1987f#178.59#178.934
170	целое	целый	ADJ	_	Case=Nom|Degree=Pos|Gender=Neut|Number=Sing	_	_	_	@psg1987f-words#@psg1987f#178.934#179.278
171	поколение	поколение	NOUN	_	Animacy=Inan|Case=Nom|Gender=Neut|Number=Sing	_	_	_	@psg1987f-words#@psg1987f#179.278#179.63
172	вот	вот	PART	_	_	_	_	_	@psg1987f-words#@psg1987f#179.67#180.077
173	эээ	эээ	X	_	Foreign=Yes	_	_	_	@psg1987f-words#@psg1987f#180.077#180.484
174	Лехуан	Лехуан	PROPN	_	Animacy=Inan|Case=Nom|Gender=Masc|Number=Sing	_	_	_	@psg1987f-words#@psg1987f#180.484#180.891
175	Лауши	Лауша	VERB	_	Aspect=Imp|Mood=Imp|Number=Sing|Person=2|VerbForm=Fin|Voice=Act	_	_	_	@psg1987f-words#@psg1987f#180.891#181.298
176	это	это	PRON	_	Animacy=Inan|Case=Acc|Gender=Neut|Number=Sing	_	_	_	@psg1987f-words#@psg1987f#181.298#181.705
177	/	/	PUNCT	_	_	_	_	_	@psg1987f-words#@psg1987f#181.705#182.112
178	ну	ну	PART	_	_	_	_	_	@psg1987f-words#@psg1987f#182.112#182.519
179	вот	вот	PART	_	_	_	_	_	@psg1987f-words#@psg1987f#182.519#182.926
180	это	это	PRON	_	Animacy=Inan|Case=Nom|Gender=Neut|Number=Sing	_	_	_	@psg1987f-words#@psg1987f#182.926#183.333
181	Иосиф	Иосиф	PROPN	_	Animacy=Anim|Case=Nom|Gender=Masc|Number=Sing	_	_	_	@psg1987f-words#@psg1987f#183.333#183.74
182	Давыдович	Давыдович	PROPN	_	Animacy=Anim|Case=Nom|Gender=Masc|Number=Sing	_	_	_	@psg1987f-words#@psg1987f#183.74#184.147
183	Кобзон	Кобзон	PROPN	_	Animacy=Anim|Case=Nom|Gender=Masc|Number=Sing	_	_	_	@psg1987f-words#@psg1987f#184.147#184.554
184	/	/	PUNCT	_	_	_	_	_	@psg1987f-words#@psg1987f#184.554#184.961
185	только	только	PART	_	_	_	_	_	@psg1987f-words#@psg1987f#184.961#185.368
186	там	там	ADV	_	Degree=Pos	_	_	_	@psg1987f-words#@psg1987f#185.368#185.775
187	/	/	PUNCT	_	_	_	_	_	@psg1987f-words#@psg1987f#185.775#186.182
188	который	который	PRON	_	Case=Nom	_	_	_	@psg1987f-words#@psg1987f#186.182#186.589
189	наоткрывал	открывать	VERB	_	Aspect=Imp|Gender=Masc|Mood=Ind|Number=Sing|Tense=Past|VerbForm=Fin|Voice=Act	_	_	_	@psg1987f-words#@psg1987f#186.589#186.996
190	олимпийские	олимпийский	ADJ	_	Animacy=Inan|Case=Acc|Degree=Pos|Number=Plur	_	_	_	@psg1987f-words#@psg1987f#186.996#187.403
191	игры	игра	NOUN	_	Animacy=Inan|Case=Acc|Gender=Fem|Number=Plur	_	_	_	@psg1987f-words#@psg1987f#187.403#187.82
192	ну	ну	PART	_	_	_	_	_	@psg1987f-words#@psg1987f#187.83#188.031
193	то	то	PRON	_	Animacy=Inan|Case=Nom|Gender=Neut|Number=Sing	_	_	_	@psg1987f-words#@psg1987f#188.031#188.232
194	есть	быть	VERB	_	Aspect=Imp|Mood=Ind|Number=Sing|Person=3|Tense=Pres|VerbForm=Fin|Voice=Act	_	_	_	@psg1987f-words#@psg1987f#188.232#188.433
195	/	/	PUNCT	_	_	_	_	_	@psg1987f-words#@psg1987f#188.433#188.634
196	я	я	PRON	_	Case=Nom|Number=Sing|Person=1	_	_	_	@psg1987f-words#@psg1987f#188.634#188.835
197	имею	иметь	VERB	_	Aspect=Imp|Mood=Ind|Number=Sing|Person=1|Tense=Pres|VerbForm=Fin|Voice=Act	_	_	_	@psg1987f-words#@psg1987f#188.835#189.036
198	в	в	ADP	_	_	_	_	_	@psg1987f-words#@psg1987f#189.036#189.237
199	виду	вид	NOUN	_	Animacy=Inan|Case=Loc|Gender=Masc|Number=Sing	_	_	_	@psg1987f-words#@psg1987f#189.237#189.438
200	/	/	PUNCT	_	_	_	_	_	@psg1987f-words#@psg1987f#189.438#189.639
201	шансов	шанс	NOUN	_	Animacy=Inan|Case=Gen|Gender=Masc|Number=Plur	_	_	_	@psg1987f-words#@psg1987f#189.639#189.84
202	нет	нет	VERB	_	Aspect=Imp|Mood=Ind|Number=Sing|Person=3|Tense=Pres|VerbForm=Fin|Voice=Act	_	_	_	@psg1987f-words#@psg1987f#189.84#190.05
203	но	но	CCONJ	_	_	_	_	_	@psg1987f-words#@psg1987f#190.07#190.73
204	/	/	PUNCT	_	_	_	_	_	@psg1987f-words#@psg1987f#190.73#191.39
205	ммм	мм	NOUN	_	Animacy=Inan|Case=Gen|Gender=Masc|Number=Sing	_	_	_	@psg1987f-words#@psg1987f#191.39#192.05
206	вот	вот	PART	_	_	_	_	_	@psg1987f-words#@psg1987f#193.89#194.301
207	это	это	PRON	_	Animacy=Inan|Case=Nom|Gender=Neut|Number=Sing	_	_	_	@psg1987f-words#@psg1987f#194.301#194.712
208	все	все	PRON	_	Animacy=Inan|Case=Nom|Gender=Neut|Number=Sing	_	_	_	@psg1987f-words#@psg1987f#194.712#195.123
209	равно	равный	ADJ	_	Degree=Pos|Gender=Neut|Number=Sing|Variant=Short	_	_	_	@psg1987f-words#@psg1987f#195.123#195.534
210	вот	вот	PART	_	_	_	_	_	@psg1987f-words#@psg1987f#195.534#195.945
211	этот	этот	DET	_	Case=Acc|Gender=Masc|Number=Sing	_	_	_	@psg1987f-words#@psg1987f#195.945#196.356
212	соревновательный	соревновательный	ADJ	_	Animacy=Inan|Case=Acc|Degree=Pos|Gender=Masc|Number=Sing	_	_	_	@psg1987f-words#@psg1987f#196.356#196.767
213	момент	момент	NOUN	_	Animacy=Inan|Case=Acc|Gender=Masc|Number=Sing	_	_	_	@psg1987f-words#@psg1987f#196.767#197.178
214	эээ	эээ	NOUN	_	Animacy=Inan|Case=Gen|Gender=Fem|Number=Sing	_	_	_	@psg1987f-words#@psg1987f#197.178#197.589
215	/	/	PUNCT	_	_	_	_	_	@psg1987f-words#@psg1987f#197.589#198.0
216	который	который	PRON	_	Case=Nom	_	_	_	@psg1987f-words#@psg1987f#198.0#198.411
217	был	быть	AUX	_	Aspect=Imp|Gender=Masc|Mood=Ind|Number=Sing|Tense=Past|VerbForm=Fin|Voice=Act	_	_	_	@psg1987f-words#@psg1987f#198.411#198.822
218	эээ	эээ	NOUN	_	Animacy=Inan|Case=Nom|Gender=Neut|Number=Sing	_	_	_	@psg1987f-words#@psg1987f#198.822#199.233
219	/	/	PUNCT	_	_	_	_	_	@psg1987f-words#@psg1987f#199.233#199.644
220	поскольку	поскольку	SCONJ	_	_	_	_	_	@psg1987f-words#@psg1987f#199.644#200.055
221	это	это	PRON	_	Animacy=Inan|Case=Nom|Gender=Neut|Number=Sing	_	_	_	@psg1987f-words#@psg1987f#200.055#200.466
222	конкурс	конкурс	NOUN	_	Animacy=Inan|Case=Nom|Gender=Masc|Number=Sing	_	_	_	@psg1987f-words#@psg1987f#200.466#200.88
223	он	он	PRON	_	Case=Nom|Gender=Masc|Number=Sing|Person=3	_	_	_	@psg1987f-words#@psg1987f#200.89#201.225
224	мне	я	PRON	_	Case=Dat|Number=Sing|Person=1	_	_	_	@psg1987f-words#@psg1987f#201.225#201.56
225	давал	давать	VERB	_	Aspect=Imp|Gender=Masc|Mood=Ind|Number=Sing|Tense=Past|VerbForm=Fin|Voice=Act	_	_	_	@psg1987f-words#@psg1987f#201.56#201.895
226	/	/	PUNCT	_	_	_	_	_	@psg1987f-words#@psg1987f#201.895#202.23
227	конечно	конечно	ADV	_	Degree=Pos	_	_	_	@psg1987f-words#@psg1987f#202.23#202.565
228	/	/	PUNCT	_	_	_	_	_	@psg1987f-words#@psg1987f#202.565#202.9
229	удивительно	удивительный	ADJ	_	Degree=Pos|Gender=Neut|Number=Sing|Variant=Short	_	_	_	@psg1987f-words#@psg1987f#202.9#203.235
230	/	/	PUNCT	_	_	_	_	_	@psg1987f-words#@psg1987f#203.235#203.57
231	но	но	CCONJ	_	_	_	_	_	@psg1987f-words#@psg1987f#203.57#203.905
232	каких-то	какой-то	DET	_	Case=Gen|Number=Plur	_	_	_	@psg1987f-words#@psg1987f#203.905#204.24
233	особенных	особенный	ADJ	_	Case=Gen|Degree=Pos|Number=Plur	_	_	_	@psg1987f-words#@psg1987f#204.24#204.575
234	сил	сила	NOUN	_	Animacy=Inan|Case=Gen|Gender=Fem|Number=Plur	_	_	_	@psg1987f-words#@psg1987f#204.575#204.92
235	ммм	мм	NOUN	_	Animacy=Inan|Case=Gen|Gender=Masc|Number=Plur	_	_	_	@psg1987f-words#@psg1987f#206.105#206.391
236	/	/	PUNCT	_	_	_	_	_	@psg1987f-words#@psg1987f#206.391#206.677
237	для	для	ADP	_	_	_	_	_	@psg1987f-words#@psg1987f#206.677#206.963
238	того	то	PRON	_	Animacy=Inan|Case=Gen|Gender=Neut|Number=Sing	_	_	_	@psg1987f-words#@psg1987f#206.963#207.249
239	/	/	PUNCT	_	_	_	_	_	@psg1987f-words#@psg1987f#207.249#207.535
240	чтобы	чтобы	SCONJ	_	Mood=Cnd	_	_	_	@psg1987f-words#@psg1987f#207.535#207.821
241	я	я	PRON	_	Case=Nom|Number=Sing|Person=1	_	_	_	@psg1987f-words#@psg1987f#207.821#208.107
242	делала	делать	VERB	_	Aspect=Imp|Gender=Fem|Mood=Ind|Number=Sing|Tense=Past|VerbForm=Fin|Voice=Act	_	_	_	@psg1987f-words#@psg1987f#208.107#208.4
243	не	не	PART	_	_	_	_	_	@psg1987f-words#@psg1987f#208.4#208.736
244	просто	просто	PART	_	_	_	_	_	@psg1987f-words#@psg1987f#208.736#209.072
245	хорошо	хорошо	ADV	_	Degree=Pos	_	_	_	@psg1987f-words#@psg1987f#209.072#209.408
246	выступала	выступать	VERB	_	Aspect=Imp|Gender=Fem|Mood=Ind|Number=Sing|Tense=Past|VerbForm=Fin|Voice=Act	_	_	_	@psg1987f-words#@psg1987f#209.408#209.744
247	/	/	PUNCT	_	_	_	_	_	@psg1987f-words#@psg1987f#209.744#210.08
248	а	а	CCONJ	_	_	_	_	_	@psg1987f-words#@psg1987f#210.08#210.416
249	выступала	выступать	VERB	_	Aspect=Imp|Gender=Fem|Mood=Ind|Number=Sing|Tense=Past|VerbForm=Fin|Voice=Act	_	_	_	@psg1987f-words#@psg1987f#210.416#210.752
250	вот	вот	PART	_	_	_	_	_	@psg1987f-words#@psg1987f#210.752#211.09
251	выше	высоко	ADV	_	Degree=Cmp	_	_	_	@psg1987f-words#@psg1987f#212.05#212.406
252	своей	свой	DET	_	Case=Gen|Gender=Fem|Number=Sing	_	_	_	@psg1987f-words#@psg1987f#212.406#212.762
253	головы	голова	NOUN	_	Animacy=Inan|Case=Gen|Gender=Fem|Number=Sing	_	_	_	@psg1987f-words#@psg1987f#212.762#213.12
254	вот	вот	PART	_	_	_	_	_	@psg1987f-words#@psg1987f#213.8#213.97
255	чтобы	чтобы	SCONJ	_	Mood=Cnd	_	_	_	@psg1987f-words#@psg1987f#214.076#214.315
256	это	это	PRON	_	Animacy=Inan|Case=Nom|Gender=Neut|Number=Sing	_	_	_	@psg1987f-words#@psg1987f#214.315#214.554
257	было	быть	AUX	_	Aspect=Imp|Gender=Neut|Mood=Ind|Number=Sing|Tense=Past|VerbForm=Fin|Voice=Act	_	_	_	@psg1987f-words#@psg1987f#214.554#214.793
258	вот	вот	PART	_	_	_	_	_	@psg1987f-words#@psg1987f#214.793#215.032
259	каждый	каждый	DET	_	Case=Acc|Gender=Masc|Number=Sing	_	_	_	@psg1987f-words#@psg1987f#215.032#215.271
260	раз	раз	NOUN	_	Animacy=Inan|Case=Acc|Gender=Masc|Number=Sing	_	_	_	@psg1987f-words#@psg1987f#215.271#215.51
261	просто	просто	PART	_	_	_	_	_	@psg1987f-words#@psg1987f#215.51#215.75
262	щас	щы	ADV	_	Degree=Pos	_	_	_	@psg1987f-words#@psg1987f#216.404#216.786
263	как	как	SCONJ	_	_	_	_	_	@psg1987f-words#@psg1987f#216.786#217.168
264	выступлю	выступить	VERB	_	Aspect=Perf|Mood=Ind|Number=Sing|Person=1|Tense=Fut|VerbForm=Fin|Voice=Act	_	_	_	@psg1987f-words#@psg1987f#217.168#217.551
265	очень	очень	ADV	_	Degree=Pos	_	_	_	@psg1987f-words#@psg1987f#220.248#220.6
266	легко	легко	ADV	_	Degree=Pos	_	_	_	@psg1987f-words#@psg1987f#220.6#220.953
267	да	да	CCONJ	_	_	_	_	_	@psg1987f-words#@psg1987f#221.039#221.166
268	они	они	PRON	_	Case=Nom|Number=Plur|Person=3	_	_	_	@psg1987f-words#@psg1987f#222.691#223.018
269	писали	писать	VERB	_	Aspect=Imp|Mood=Ind|Number=Plur|Tense=Past|VerbForm=Fin|Voice=Act	_	_	_	@psg1987f-words#@psg1987f#223.018#223.345
270	на	на	ADP	_	_	_	_	_	@psg1987f-words#@psg1987f#223.345#223.672
271	протяжении	протяжение	NOUN	_	Animacy=Inan|Case=Loc|Gender=Neut|Number=Sing	_	_	_	@psg1987f-words#@psg1987f#223.672#223.999
272	трех	три	NUM	_	Case=Gen	_	_	_	@psg1987f-words#@psg1987f#223.999#224.326
273	лет	год	NOUN	_	Animacy=Inan|Case=Gen|Gender=Masc|Number=Plur	_	_	_	@psg1987f-words#@psg1987f#224.326#224.654
274	с	с	ADP	_	_	_	_	_	@psg1987f-words#@psg1987f#225.045#225.48
275	эээ	эээ	NOUN	_	Animacy=Inan|Case=Gen|Gender=Fem|Number=Sing	_	_	_	@psg1987f-words#@psg1987f#225.48#225.915
276	Евровидения	Евровидение	PROPN	_	Animacy=Inan|Case=Nom|Gender=Fem|Number=Sing	_	_	_	@psg1987f-words#@psg1987f#225.915#226.352
277	сначала	сначала	ADV	_	Degree=Pos	_	_	_	@psg1987f-words#@psg1987f#227.11#227.436
278	я	я	PRON	_	Case=Nom|Number=Sing|Person=1	_	_	_	@psg1987f-words#@psg1987f#227.436#227.762
279	подумала	подумать	VERB	_	Aspect=Perf|Gender=Fem|Mood=Ind|Number=Sing|Tense=Past|VerbForm=Fin|Voice=Act	_	_	_	@psg1987f-words#@psg1987f#227.762#228.09
280	ну	ну	PART	_	_	_	_	_	@psg1987f-words#@psg1987f#228.147#228.473
281	знаешь	знать	VERB	_	Aspect=Imp|Mood=Ind|Number=Sing|Person=2|Tense=Pres|VerbForm=Fin|Voice=Act	_	_	_	@psg1987f-words#@psg1987f#228.473#228.799
282	как	как	ADV	_	Degree=Pos	_	_	_	@psg1987f-words#@psg1987f#228.799#229.125
283	/	/	PUNCT	_	_	_	_	_	@psg1987f-words#@psg1987f#229.125#229.451
284	приходит	приходить	VERB	_	Aspect=Imp|Mood=Ind|Number=Sing|Person=3|Tense=Pres|VerbForm=Fin|Voice=Act	_	_	_	@psg1987f-words#@psg1987f#229.451#229.777
285	письмо	письмо	NOUN	_	Animacy=Inan|Case=Acc|Gender=Neut|Number=Sing	_	_	_	@psg1987f-words#@psg1987f#229.777#230.103
286	на	на	ADP	_	_	_	_	_	@psg1987f-words#@psg1987f#230.103#230.429
287	китайском	китайский	ADJ	_	Case=Loc|Degree=Pos|Gender=Masc|Number=Sing	_	_	_	@psg1987f-words#@psg1987f#230.429#230.755
288	языке	язык	NOUN	_	Animacy=Inan|Case=Loc|Gender=Masc|Number=Sing	_	_	_	@psg1987f-words#@psg1987f#230.755#231.081
289	и	и	CCONJ	_	_	_	_	_	@psg1987f-words#@psg1987f#232.372#232.747
290	там	там	ADV	_	Degree=Pos	_	_	_	@psg1987f-words#@psg1987f#232.747#233.122
291	только	только	PART	_	_	_	_	_	@psg1987f-words#@psg1987f#233.122#233.497
292	первая	первый	ADJ	_	Case=Nom|Degree=Pos|Gender=Fem|Number=Sing	_	_	_	@psg1987f-words#@psg1987f#233.497#233.872
293	пометка	пометка	NOUN	_	Animacy=Inan|Case=Nom|Gender=Fem|Number=Sing	_	_	_	@psg1987f-words#@psg1987f#233.872#234.25
294	Десингер	Десингер	PROPN	_	Animacy=Inan|Case=Nom|Gender=Masc|Number=Sing	_	_	_	@psg1987f-words#@psg1987f#234.606#234.835
295	ну	ну	PART	_	_	_	_	_	@psg1987f-words#@psg1987f#235.786#236.042
296	конечно	конечно	ADV	_	Degree=Pos	_	_	_	@psg1987f-words#@psg1987f#236.042#236.298
297	мы	мы	PRON	_	Case=Nom|Number=Plur|Person=1	_	_	_	@psg1987f-words#@psg1987f#236.298#236.554
298	пробили	пробить	VERB	_	Aspect=Perf|Mood=Ind|Number=Plur|Tense=Past|VerbForm=Fin|Voice=Act	_	_	_	@psg1987f-words#@psg1987f#236.554#236.812
299	мы	мы	PRON	_	Case=Nom|Number=Plur|Person=1	_	_	_	@psg1987f-words#@psg1987f#236.828#237.069
300	поняли	понять	VERB	_	Aspect=Perf|Mood=Ind|Number=Plur|Tense=Past|VerbForm=Fin|Voice=Act	_	_	_	@psg1987f-words#@psg1987f#237.069#237.31
301	/	/	PUNCT	_	_	_	_	_	@psg1987f-words#@psg1987f#237.31#237.551
302	что	что	PRON	_	Case=Nom	_	_	_	@psg1987f-words#@psg1987f#237.551#237.792
303	такое	такой	DET	_	Case=Nom|Gender=Neut|Number=Sing	_	_	_	@psg1987f-words#@psg1987f#237.792#238.033
304	есть	есть	VERB	_	Aspect=Imp|Mood=Ind|Number=Sing|Person=3|Tense=Pres|VerbForm=Fin|Voice=Act	_	_	_	@psg1987f-words#@psg1987f#238.033#238.278
305	но	но	CCONJ	_	_	_	_	_	@psg1987f-words#@psg1987f#238.552#238.897
306	поскоку	поскоку	ADV	_	Degree=Pos	_	_	_	@psg1987f-words#@psg1987f#238.897#239.242
307	тогда	тогда	ADV	_	Degree=Pos	_	_	_	@psg1987f-words#@psg1987f#239.242#239.587
308	это	это	PRON	_	Animacy=Inan|Case=Nom|Gender=Neut|Number=Sing	_	_	_	@psg1987f-words#@psg1987f#239.587#239.932
309	было	быть	AUX	_	Aspect=Imp|Gender=Neut|Mood=Ind|Number=Sing|Tense=Past|VerbForm=Fin|Voice=Act	_	_	_	@psg1987f-words#@psg1987f#239.932#240.277
310	просто	просто	PART	_	_	_	_	_	@psg1987f-words#@psg1987f#240.277#240.622
311	застрелиться	застрелить	VERB	_	Aspect=Perf|VerbForm=Inf|Voice=Mid	_	_	_	@psg1987f-words#@psg1987f#240.622#240.967
312	после	после	ADP	_	_	_	_	_	@psg1987f-words#@psg1987f#240.967#241.312
313	Евровидения	Евровидение	PROPN	_	Animacy=Inan|Case=Nom|Gender=Fem|Number=Sing	_	_	_	@psg1987f-words#@psg1987f#241.312#241.657
314	и	и	CCONJ	_	_	_	_	_	@psg1987f-words#@psg1987f#241.657#242.002
315	я	я	PRON	_	Case=Nom|Number=Sing|Person=1	_	_	_	@psg1987f-words#@psg1987f#242.002#242.356
316	э	эра	INTJ	_	_	_	_	_	@psg1987f-words#@psg1987f#242.76#242.967
317	на	на	ADP	_	_	_	_	_	@psg1987f-words#@psg1987f#242.967#243.174
318	следующий	следующий	ADJ	_	Animacy=Inan|Case=Acc|Degree=Pos|Gender=Masc|Number=Sing	_	_	_	@psg1987f-words#@psg1987f#243.174#243.381
319	день	день	NOUN	_	Animacy=Inan|Case=Acc|Gender=Masc|Number=Sing	_	_	_	@psg1987f-words#@psg1987f#243.381#243.588
320	же	же	PART	_	_	_	_	_	@psg1987f-words#@psg1987f#243.588#243.795
321	уехала	уехать	VERB	_	Aspect=Perf|Gender=Fem|Mood=Ind|Number=Sing|Tense=Past|VerbForm=Fin|Voice=Act	_	_	_	@psg1987f-words#@psg1987f#243.795#244.002
322	в	в	ADP	_	_	_	_	_	@psg1987f-words#@psg1987f#244.002#244.209
323	Иваново	Иваново	PROPN	_	Animacy=Inan|Case=Acc|Gender=Neut|Number=Sing	_	_	_	@psg1987f-words#@psg1987f#244.209#244.416
324	извините	извинить	VERB	_	Aspect=Perf|Mood=Ind|Number=Plur|Person=2|Tense=Fut|VerbForm=Fin|Voice=Act	_	_	_	@psg1987f-words#@psg1987f#245.324#245.487
325	/	/	PUNCT	_	_	_	_	_	@psg1987f-words#@psg1987f#245.487#245.65
326	у	у	ADP	_	_	_	_	_	@psg1987f-words#@psg1987f#245.65#245.813
327	меня	я	PRON	_	Case=Gen|Number=Sing|Person=1	_	_	_	@psg1987f-words#@psg1987f#245.813#245.976
328	елки	елка	NOUN	_	Animacy=Anim|Case=Gen|Gender=Fem|Number=Sing	_	_	_	@psg1987f-words#@psg1987f#245.976#246.14
329	мы	мы	PRON	_	Case=Nom|Number=Plur|Person=1	_	_	_	@psg1987f-words#@psg1987f#247.75#248.229
330	толком	толком	ADV	_	Degree=Pos	_	_	_	@psg1987f-words#@psg1987f#248.229#248.708
331	не	не	PART	_	_	_	_	_	@psg1987f-words#@psg1987f#248.708#249.187
332	отреагировали	реагировать	VERB	_	Aspect=Perf|Mood=Ind|Number=Plur|Tense=Past|VerbForm=Fin|Voice=Act	_	_	_	@psg1987f-words#@psg1987f#249.187#249.666
333	нааа	наа	NOUN	_	Animacy=Inan|Case=Gen|Gender=Masc|Number=Sing	_	_	_	@psg1987f-words#@psg1987f#249.666#250.145
334	это	этот	DET	_	Case=Acc|Gender=Neut|Number=Sing	_	_	_	@psg1987f-words#@psg1987f#250.145#250.624
335	сообщение	сообщение	NOUN	_	Animacy=Inan|Case=Acc|Gender=Neut|Number=Sing	_	_	_	@psg1987f-words#@psg1987f#250.624#251.104
336	потом	потом	ADV	_	Degree=Pos	_	_	_	@psg1987f-words#@psg1987f#251.208#251.651
337	второй	второй	ADJ	_	Animacy=Inan|Case=Acc|Degree=Pos|Gender=Masc|Number=Sing	_	_	_	@psg1987f-words#@psg1987f#251.651#252.094
338	год	год	NOUN	_	Animacy=Inan|Case=Acc|Gender=Masc|Number=Sing	_	_	_	@psg1987f-words#@psg1987f#252.094#252.539
339	что	что	PRON	_	Case=Nom	_	_	_	@psg1987f-words#@psg1987f#252.589#252.813
340	там	там	ADV	_	Degree=Pos	_	_	_	@psg1987f-words#@psg1987f#252.813#253.037
341	было	быть	VERB	_	Aspect=Imp|Gender=Neut|Mood=Ind|Number=Sing|Tense=Past|VerbForm=Fin|Voice=Act	_	_	_	@psg1987f-words#@psg1987f#253.037#253.261
342	второй	второй	ADJ	_	Animacy=Inan|Case=Acc|Degree=Pos|Gender=Masc|Number=Sing	_	_	_	@psg1987f-words#@psg1987f#253.261#253.485
343	год	год	NOUN	_	Animacy=Inan|Case=Acc|Gender=Masc|Number=Sing	_	_	_	@psg1987f-words#@psg1987f#253.485#253.709
344	?	?	PUNCT	_	_	_	_	_	@psg1987f-words#@psg1987f#253.709#253.938
345	что-то	что-то	PRON	_	Case=Nom	_	_	_	@psg1987f-words#@psg1987f#254.411#254.68
346	еще	еще	ADV	_	Degree=Pos	_	_	_	@psg1987f-words#@psg1987f#254.68#254.949
347	было	быть	VERB	_	Aspect=Imp|Gender=Neut|Mood=Ind|Number=Sing|Tense=Past|VerbForm=Fin|Voice=Act	_	_	_	@psg1987f-words#@psg1987f#254.949#255.22
348	а	а	CCONJ	_	_	_	_	_	@psg1987f-words#@psg1987f#255.327#255.474
349	я	я	PRON	_	Case=Nom|Number=Sing|Person=1	_	_	_	@psg1987f-words#@psg1987f#255.538#255.813
350	была	быть	AUX	_	Aspect=Imp|Gender=Fem|Mood=Ind|Number=Sing|Tense=Past|VerbForm=Fin|Voice=Act	_	_	_	@psg1987f-words#@psg1987f#255.813#256.088
351	беременна	беременть	ADJ	_	Degree=Pos|Gender=Fem|Number=Sing|Variant=Short	_	_	_	@psg1987f-words#@psg1987f#256.088#256.364
352	точно	точно	ADV	_	Degree=Pos	_	_	_	@psg1987f-words#@psg1987f#256.607#257.09
353	и	и	CCONJ	_	_	_	_	_	@psg1987f-words#@psg1987f#257.523#257.92
354	вот	вот	PART	_	_	_	_	_	@psg1987f-words#@psg1987f#257.92#258.317
355	он	он	PRON	_	Case=Nom|Gender=Masc|Number=Sing|Person=3	_	_	_	@psg1987f-words#@psg1987f#258.317#258.714
356	2019	2019	NUM	_	_	_	_	_	@psg1987f-words#@psg1987f#258.714#259.111
357	год	год	NOUN	_	Animacy=Inan|Case=Acc|Gender=Masc|Number=Sing	_	_	_	@psg1987f-words#@psg1987f#259.111#259.509
358	и	и	CCONJ	_	_	_	_	_	@psg1987f-words#@psg1987f#260.8#261.187
359	причем	причем	ADV	_	Degree=Pos	_	_	_	@psg1987f-words#@psg1987f#261.187#261.574
360	мы	мы	PRON	_	Case=Nom|Number=Plur|Person=1	_	_	_	@psg1987f-words#@psg1987f#261.574#261.961
361	э	эра	INTJ	_	_	_	_	_	@psg1987f-words#@psg1987f#261.961#262.348
362	сели	сесть	VERB	_	Aspect=Perf|Mood=Ind|Number=Plur|Tense=Past|VerbForm=Fin|Voice=Mid	_	_	_	@psg1987f-words#@psg1987f#262.348#262.735
363	с	с	ADP	_	_	_	_	_	@psg1987f-words#@psg1987f#262.972#263.418
364	директором	директор	NOUN	_	Animacy=Anim|Case=Ins|Gender=Masc|Number=Sing	_	_	_	@psg1987f-words#@psg1987f#263.418#263.865
365	за	за	ADP	_	_	_	_	_	@psg1987f-words#@psg1987f#264.023#264.354
366	стол	стол	NOUN	_	Animacy=Inan|Case=Acc|Gender=Masc|Number=Sing	_	_	_	@psg1987f-words#@psg1987f#264.354#264.685
367	переговоров	переговоры	NOUN	_	Animacy=Inan|Case=Gen|Gender=Masc|Number=Plur	_	_	_	@psg1987f-words#@psg1987f#264.685#265.018
368	я	я	PRON	_	Case=Nom|Number=Sing|Person=1	_	_	_	@psg1987f-words#@psg1987f#265.12#265.34
369	грю	грь	NOUN	_	Animacy=Inan|Case=Acc|Gender=Fem|Number=Sing	_	_	_	@psg1987f-words#@psg1987f#265.34#265.56
370	а	а	CCONJ	_	_	_	_	_	@psg1987f-words#@psg1987f#265.842#266.185
371	если	если	SCONJ	_	_	_	_	_	@psg1987f-words#@psg1987f#266.185#266.528
372	они	они	PRON	_	Case=Nom|Number=Plur|Person=3	_	_	_	@psg1987f-words#@psg1987f#266.528#266.871
373	подтвердят	подтвердить	VERB	_	Aspect=Perf|Mood=Ind|Number=Plur|Person=3|Tense=Fut|VerbForm=Fin|Voice=Act	_	_	_	@psg1987f-words#@psg1987f#266.871#267.214
374	щас	щас	ADV	_	Degree=Pos	_	_	_	@psg1987f-words#@psg1987f#267.214#267.557
375	всё	все	PRON	_	Animacy=Inan|Case=Acc|Gender=Neut|Number=Sing	_	_	_	@psg1987f-words#@psg1987f#267.557#267.9
376	?	?	PUNCT	_	_	_	_	_	@psg1987f-words#@psg1987f#267.9#268.245
377	ну	ну	PART	_	_	_	_	_	@psg1987f-words#@psg1987f#268.403#268.592
378	то	то	PRON	_	Animacy=Inan|Case=Nom|Gender=Neut|Number=Sing	_	_	_	@psg1987f-words#@psg1987f#268.592#268.781
379	есть	быть	VERB	_	Aspect=Imp|Mood=Ind|Number=Sing|Person=3|Tense=Pres|VerbForm=Fin|Voice=Act	_	_	_	@psg1987f-words#@psg1987f#268.781#268.97
380	/	/	PUNCT	_	_	_	_	_	@psg1987f-words#@psg1987f#268.97#269.159
381	если	если	SCONJ	_	_	_	_	_	@psg1987f-words#@psg1987f#269.159#269.348
382	оно	оно	PRON	_	Case=Nom|Gender=Neut|Number=Sing|Person=3	_	_	_	@psg1987f-words#@psg1987f#269.348#269.537
383	случится	случиться	VERB	_	Aspect=Perf|Mood=Ind|Number=Sing|Person=3|Tense=Fut|VerbForm=Fin|Voice=Mid	_	_	_	@psg1987f-words#@psg1987f#269.537#269.726
384	?	?	PUNCT	_	_	_	_	_	@psg1987f-words#@psg1987f#269.726#269.915
385	это	этот	DET	_	Case=Nom|Gender=Neut|Number=Sing	_	_	_	@psg1987f-words#@psg1987f#270.841#271.133
386	шоу	шоу	NOUN	_	Animacy=Inan|Case=Nom|Gender=Neut|Number=Sing	_	_	_	@psg1987f-words#@psg1987f#271.133#271.425
387	я	я	PRON	_	Case=Nom|Number=Sing|Person=1	_	_	_	@psg1987f-words#@psg1987f#271.968#272.228
388	не	не	PART	_	_	_	_	_	@psg1987f-words#@psg1987f#272.228#272.488
389	выдержу	выдержать	VERB	_	Aspect=Imp|Mood=Ind|Number=Sing|Person=1|Tense=Pres|VerbForm=Fin|Voice=Act	_	_	_	@psg1987f-words#@psg1987f#272.488#272.75
390	ну	ну	PART	_	_	_	_	_	@psg1987f-words#@psg1987f#272.786#272.986
391	то	то	PRON	_	Animacy=Inan|Case=Nom|Gender=Neut|Number=Sing	_	_	_	@psg1987f-words#@psg1987f#272.986#273.186
392	есть	быть	VERB	_	Aspect=Imp|Mood=Ind|Number=Sing|Person=3|Tense=Pres|VerbForm=Fin|Voice=Act	_	_	_	@psg1987f-words#@psg1987f#273.186#273.386
393	/	/	PUNCT	_	_	_	_	_	@psg1987f-words#@psg1987f#273.386#273.586
394	у	у	ADP	_	_	_	_	_	@psg1987f-words#@psg1987f#273.586#273.786
395	меня	я	PRON	_	Case=Gen|Number=Sing|Person=1	_	_	_	@psg1987f-words#@psg1987f#273.786#273.986
396	пошла	пойти	VERB	_	Aspect=Perf|Gender=Fem|Mood=Ind|Number=Sing|Tense=Past|VerbForm=Fin|Voice=Act	_	_	_	@psg1987f-words#@psg1987f#273.986#274.186
397	обратная	обратный	ADJ	_	Case=Nom|Degree=Pos|Gender=Fem|Number=Sing	_	_	_	@psg1987f-words#@psg1987f#274.186#274.386
398	реакция	реакция	NOUN	_	Animacy=Inan|Case=Nom|Gender=Fem|Number=Sing	_	_	_	@psg1987f-words#@psg1987f#274.386#274.586
399	/	/	PUNCT	_	_	_	_	_	@psg1987f-words#@psg1987f#274.586#274.786
400	я	я	PRON	_	Case=Nom|Number=Sing|Person=1	_	_	_	@psg1987f-words#@psg1987f#274.786#274.986
401	испугалась	испугаться	VERB	_	Aspect=Perf|Gender=Fem|Mood=Ind|Number=Sing|Tense=Past|VerbForm=Fin|Voice=Mid	_	_	_	@psg1987f-words#@psg1987f#274.986#275.189
402	потому	потому	ADV	_	Degree=Pos	_	_	_	@psg1987f-words#@psg1987f#275.515#275.764
403	что	что	SCONJ	_	_	_	_	_	@psg1987f-words#@psg1987f#275.764#276.013
404	/	/	PUNCT	_	_	_	_	_	@psg1987f-words#@psg1987f#276.013#276.262
405	у	у	ADP	_	_	_	_	_	@psg1987f-words#@psg1987f#276.262#276.511
406	меня	я	PRON	_	Case=Gen|Number=Sing|Person=1	_	_	_	@psg1987f-words#@psg1987f#276.511#276.76
407	же	же	PART	_	_	_	_	_	@psg1987f-words#@psg1987f#276.76#277.009
408	шоу	шоу	NOUN	_	Animacy=Inan|Case=Nom|Gender=Neut|Number=Sing	_	_	_	@psg1987f-words#@psg1987f#277.009#277.259
409	Обезаружена	Обезаружен	VERB	_	Aspect=Perf|Gender=Fem|Number=Sing|Tense=Past|Variant=Short|VerbForm=Part|Voice=Pass	_	_	_	@psg1987f-words#@psg1987f#278.261#278.456
410	вот	вот	PART	_	_	_	_	_	@psg1987f-words#@psg1987f#278.846#279.041
411	которое	который	PRON	_	Case=Nom	_	_	_	@psg1987f-words#@psg1987f#279.236#279.431
412	было	быть	AUX	_	Aspect=Imp|Gender=Neut|Mood=Ind|Number=Sing|Tense=Past|VerbForm=Fin|Voice=Act	_	_	_	@psg1987f-words#@psg1987f#279.431#279.626
413	в	в	ADP	_	_	_	_	_	@psg1987f-words#@psg1987f#279.626#279.821
414	Мегаспорте	Мегаспорт	PROPN	_	Animacy=Inan|Case=Loc|Gender=Masc|Number=Sing	_	_	_	@psg1987f-words#@psg1987f#279.821#280.021
415	и	и	CCONJ	_	_	_	_	_	@psg1987f-words#@psg1987f#280.164#280.492
416	я	я	PRON	_	Case=Nom|Number=Sing|Person=1	_	_	_	@psg1987f-words#@psg1987f#280.492#280.82
417	поняла	понять	VERB	_	Aspect=Perf|Gender=Fem|Mood=Ind|Number=Sing|Tense=Past|VerbForm=Fin|Voice=Act	_	_	_	@psg1987f-words#@psg1987f#280.82#281.148
418	/	/	PUNCT	_	_	_	_	_	@psg1987f-words#@psg1987f#281.148#281.476
419	что	что	SCONJ	_	_	_	_	_	@psg1987f-words#@psg1987f#281.476#281.805
420	это	это	PRON	_	Animacy=Inan|Case=Nom|Gender=Neut|Number=Sing	_	_	_	@psg1987f-words#@psg1987f#282.461#282.676
421	же	же	PART	_	_	_	_	_	@psg1987f-words#@psg1987f#282.676#282.891
422	/	/	PUNCT	_	_	_	_	_	@psg1987f-words#@psg1987f#282.891#283.106
423	кем	кто	PRON	_	Case=Ins	_	_	_	@psg1987f-words#@psg1987f#283.106#283.321
424	я	я	PRON	_	Case=Nom|Number=Sing|Person=1	_	_	_	@psg1987f-words#@psg1987f#283.321#283.536
425	должна	должен	ADJ	_	Degree=Pos|Gender=Fem|Number=Sing|Variant=Short	_	_	_	@psg1987f-words#@psg1987f#283.536#283.751
426	стать	стать	VERB	_	Aspect=Perf|VerbForm=Inf|Voice=Mid	_	_	_	@psg1987f-words#@psg1987f#283.751#283.966
427	/	/	PUNCT	_	_	_	_	_	@psg1987f-words#@psg1987f#283.966#284.181
428	чтобы	чтобы	SCONJ	_	Mood=Cnd	_	_	_	@psg1987f-words#@psg1987f#284.181#284.396
429	это	это	PRON	_	Animacy=Inan|Case=Nom|Gender=Neut|Number=Sing	_	_	_	@psg1987f-words#@psg1987f#284.396#284.611
430	вообще	вообще	ADV	_	Degree=Pos	_	_	_	@psg1987f-words#@psg1987f#284.611#284.826
431	все	все	PRON	_	Animacy=Inan|Case=Acc|Gender=Neut|Number=Sing	_	_	_	@psg1987f-words#@psg1987f#284.826#285.041
432	выдержать	выдержать	VERB	_	Aspect=Perf|VerbForm=Inf|Voice=Act	_	_	_	@psg1987f-words#@psg1987f#285.041#285.259
433	но	но	CCONJ	_	_	_	_	_	@psg1987f-words#@psg1987f#285.629#285.932
434	/	/	PUNCT	_	_	_	_	_	@psg1987f-words#@psg1987f#285.932#286.235
435	самое	самый	ADJ	_	Case=Nom|Degree=Pos|Gender=Neut|Number=Sing	_	_	_	@psg1987f-words#@psg1987f#286.235#286.538
436	главное	главный	ADJ	_	Case=Nom|Degree=Pos|Gender=Neut|Number=Sing	_	_	_	@psg1987f-words#@psg1987f#286.538#286.841
437	/	/	PUNCT	_	_	_	_	_	@psg1987f-words#@psg1987f#286.841#287.144
438	что	что	PRON	_	Case=Acc	_	_	_	@psg1987f-words#@psg1987f#287.144#287.447
439	во	в	ADP	_	_	_	_	_	@psg1987f-words#@psg1987f#287.447#287.75
440	мне	я	PRON	_	Case=Dat|Number=Sing|Person=1	_	_	_	@psg1987f-words#@psg1987f#287.75#288.053
441	всегда	всегда	ADV	_	Degree=Pos	_	_	_	@psg1987f-words#@psg1987f#288.053#288.356
442	и	и	CCONJ	_	_	_	_	_	@psg1987f-words#@psg1987f#288.356#288.659
443	всю	весь	DET	_	Case=Acc|Gender=Fem|Number=Sing	_	_	_	@psg1987f-words#@psg1987f#288.659#288.962
444	жизнь	жизнь	NOUN	_	Animacy=Inan|Case=Acc|Gender=Fem|Number=Sing	_	_	_	@psg1987f-words#@psg1987f#288.962#289.265
445	мою	мой	DET	_	Case=Acc|Gender=Fem|Number=Sing	_	_	_	@psg1987f-words#@psg1987f#289.265#289.568
446	срабатывает	срабатывать	VERB	_	Aspect=Imp|Mood=Ind|Number=Sing|Person=3|Tense=Pres|VerbForm=Fin|Voice=Act	_	_	_	@psg1987f-words#@psg1987f#289.568#289.871
447	/	/	PUNCT	_	_	_	_	_	@psg1987f-words#@psg1987f#289.871#290.174
448	это	это	PRON	_	Animacy=Inan|Case=Nom|Gender=Neut|Number=Sing	_	_	_	@psg1987f-words#@psg1987f#290.174#290.477
449	когда	когда	SCONJ	_	_	_	_	_	@psg1987f-words#@psg1987f#290.477#290.78
450	мне	я	PRON	_	Case=Dat|Number=Sing|Person=1	_	_	_	@psg1987f-words#@psg1987f#290.78#291.083
451	даются	давать	VERB	_	Aspect=Imp|Mood=Ind|Number=Plur|Person=3|Tense=Pres|VerbForm=Fin|Voice=Pass	_	_	_	@psg1987f-words#@psg1987f#291.083#291.386
452	какие-то	какой-то	DET	_	Case=Nom|Number=Plur	_	_	_	@psg1987f-words#@psg1987f#291.386#291.689
453	шансы	шанс	NOUN	_	Animacy=Inan|Case=Nom|Gender=Masc|Number=Plur	_	_	_	@psg1987f-words#@psg1987f#291.689#291.992
454	или	или	CCONJ	_	_	_	_	_	@psg1987f-words#@psg1987f#291.992#292.295
455	интересные	интересный	ADJ	_	Case=Nom|Degree=Pos|Number=Plur	_	_	_	@psg1987f-words#@psg1987f#292.295#292.598
456	предложения	предложение	NOUN	_	Animacy=Inan|Case=Nom|Gender=Neut|Number=Plur	_	_	_	@psg1987f-words#@psg1987f#292.598#292.901
457	я	я	PRON	_	Case=Nom|Number=Sing|Person=1	_	_	_	@psg1987f-words#@psg1987f#293.546#293.705
458	всегда	всегда	ADV	_	Degree=Pos	_	_	_	@psg1987f-words#@psg1987f#293.705#293.864
459	говорю	говорить	VERB	_	Aspect=Imp|Mood=Ind|Number=Sing|Person=1|Tense=Pres|VerbForm=Fin|Voice=Act	_	_	_	@psg1987f-words#@psg1987f#293.864#294.023
460	да	да	PART	_	_	_	_	_	@psg1987f-words#@psg1987f#294.341#294.341
461	да	да	PART	_	_	_	_	_	@psg1987f-words#@psg1987f#304.186#304.42
462	/	/	PUNCT	_	_	_	_	_	@psg1987f-words#@psg1987f#304.42#304.654
463	они	они	PRON	_	Case=Nom|Number=Plur|Person=3	_	_	_	@psg1987f-words#@psg1987f#304.654#304.888
464	/	/	PUNCT	_	_	_	_	_	@psg1987f-words#@psg1987f#304.888#305.122
465	но	но	CCONJ	_	_	_	_	_	@psg1987f-words#@psg1987f#305.122#305.356
466	на	на	ADP	_	_	_	_	_	@psg1987f-words#@psg1987f#305.356#305.59
467	азиатский	азиатский	ADJ	_	Animacy=Inan|Case=Acc|Degree=Pos|Gender=Masc|Number=Sing	_	_	_	@psg1987f-words#@psg1987f#305.59#305.824
468	скорее	скорее	ADV	_	Degree=Cmp	_	_	_	@psg1987f-words#@psg1987f#305.824#306.058
469	всего	все	PRON	_	Animacy=Inan|Case=Gen|Gender=Neut|Number=Sing	_	_	_	@psg1987f-words#@psg1987f#306.058#306.292
470	/	/	PUNCT	_	_	_	_	_	@psg1987f-words#@psg1987f#306.292#306.526
471	то	то	PRON	_	Animacy=Inan|Case=Nom|Gender=Neut|Number=Sing	_	_	_	@psg1987f-words#@psg1987f#306.526#306.76
472	есть	быть	VERB	_	Aspect=Imp|Mood=Ind|Number=Sing|Person=3|Tense=Pres|VerbForm=Fin|Voice=Act	_	_	_	@psg1987f-words#@psg1987f#306.76#306.994
473	не	не	PART	_	_	_	_	_	@psg1987f-words#@psg1987f#306.994#307.228
474	только	только	PART	_	_	_	_	_	@psg1987f-words#@psg1987f#307.228#307.462
475	китайский	китайский	ADJ	_	Case=Nom|Degree=Pos|Gender=Masc|Number=Sing	_	_	_	@psg1987f-words#@psg1987f#307.462#307.705
476	#выдох#	#выдох#	NOUN	_	Animacy=Inan|Case=Gen|Gender=Fem|Number=Sing	_	_	_	@psg1987f-words#@psg1987f#309.601#309.962
477	ну	ну	PART	_	_	_	_	_	@psg1987f-words#@psg1987f#310.006#310.338
478	/	/	PUNCT	_	_	_	_	_	@psg1987f-words#@psg1987f#310.338#310.67
479	конечно	конечно	ADV	_	Degree=Pos	_	_	_	@psg1987f-words#@psg1987f#310.67#311.002
480	/	/	PUNCT	_	_	_	_	_	@psg1987f-words#@psg1987f#311.002#311.334
481	и	и	CCONJ	_	_	_	_	_	@psg1987f-words#@psg1987f#311.334#311.666
482	это	это	PRON	_	Animacy=Inan|Case=Nom|Gender=Neut|Number=Sing	_	_	_	@psg1987f-words#@psg1987f#311.666#311.998
483	было	быть	AUX	_	Aspect=Imp|Gender=Neut|Mood=Ind|Number=Sing|Tense=Past|VerbForm=Fin|Voice=Act	_	_	_	@psg1987f-words#@psg1987f#311.998#312.33
484	в	в	ADP	_	_	_	_	_	@psg1987f-words#@psg1987f#312.33#312.662
485	совокупности	совокупность	NOUN	_	Animacy=Inan|Case=Loc|Gender=Fem|Number=Sing	_	_	_	@psg1987f-words#@psg1987f#312.662#312.994
486	э	эра	INTJ	_	_	_	_	_	@psg1987f-words#@psg1987f#312.994#313.326
487	всех	все	PRON	_	Animacy=Anim|Case=Acc|Number=Plur	_	_	_	@psg1987f-words#@psg1987f#313.326#313.658
488	как	как	ADV	_	Degree=Pos	_	_	_	@psg1987f-words#@psg1987f#313.658#313.99
489	бы	бы	PART	_	_	_	_	_	@psg1987f-words#@psg1987f#313.99#314.322
490	аргументов	аргумент	NOUN	_	Animacy=Inan|Case=Gen|Gender=Masc|Number=Plur	_	_	_	@psg1987f-words#@psg1987f#314.322#314.654
491	за	за	ADP	_	_	_	_	_	@psg1987f-words#@psg1987f#315.318#315.66
492	ааа	аа	NOUN	_	Animacy=Inan|Case=Gen|Gender=Masc|Number=Sing	_	_	_	@psg1987f-words#@psg1987f#315.889#316.059
493	/	/	PUNCT	_	_	_	_	_	@psg1987f-words#@psg1987f#316.059#316.229
494	но	но	CCONJ	_	_	_	_	_	@psg1987f-words#@psg1987f#316.229#316.399
495	я	я	PRON	_	Case=Nom|Number=Sing|Person=1	_	_	_	@psg1987f-words#@psg1987f#316.399#316.569
496	не	не	PART	_	_	_	_	_	@psg1987f-words#@psg1987f#316.569#316.739
497	могу	мочь	VERB	_	Aspect=Imp|Mood=Ind|Number=Sing|Person=1|Tense=Pres|VerbForm=Fin|Voice=Act	_	_	_	@psg1987f-words#@psg1987f#316.739#316.909
498	прям	пре	NOUN	_	Animacy=Inan|Case=Dat|Gender=Neut|Number=Plur	_	_	_	@psg1987f-words#@psg1987f#316.909#317.079
499	сказать	сказать	VERB	_	Aspect=Perf|VerbForm=Inf|Voice=Act	_	_	_	@psg1987f-words#@psg1987f#317.079#317.249
500	/	/	PUNCT	_	_	_	_	_	@psg1987f-words#@psg1987f#317.249#317.419
501	что	что	SCONJ	_	_	_	_	_	@psg1987f-words#@psg1987f#317.419#317.589
502	мы	мы	PRON	_	Case=Nom|Number=Plur|Person=1	_	_	_	@psg1987f-words#@psg1987f#317.589#317.759
503	прям	пре	NOUN	_	Animacy=Anim|Case=Dat|Gender=Masc|Number=Plur	_	_	_	@psg1987f-words#@psg1987f#317.759#317.929
504	ехали	ехать	VERB	_	Aspect=Imp|Mood=Ind|Number=Plur|Tense=Past|VerbForm=Fin|Voice=Act	_	_	_	@psg1987f-words#@psg1987f#317.929#318.11
505	щас	щы	NOUN	_	Animacy=Inan|Case=Acc|Gender=Masc|Number=Sing	_	_	_	@psg1987f-words#@psg1987f#318.738#319.259
506	мы	мы	PRON	_	Case=Nom|Number=Plur|Person=1	_	_	_	@psg1987f-words#@psg1987f#319.259#319.78
507	там	там	ADV	_	Degree=Pos	_	_	_	@psg1987f-words#@psg1987f#319.78#320.301
508	развернемся	развернуться	VERB	_	Aspect=Perf|Mood=Ind|Number=Plur|Person=1|Tense=Fut|VerbForm=Fin|Voice=Mid	_	_	_	@psg1987f-words#@psg1987f#320.301#320.825
509	но	но	CCONJ	_	_	_	_	_	@psg1987f-words#@psg1987f#320.904#321.286
510	это	это	PRON	_	Animacy=Inan|Case=Nom|Gender=Neut|Number=Sing	_	_	_	@psg1987f-words#@psg1987f#321.286#321.668
511	совершенно	совершенно	ADV	_	Degree=Pos	_	_	_	@psg1987f-words#@psg1987f#321.668#322.05
512	другой	другой	ADJ	_	Case=Nom|Degree=Pos|Gender=Masc|Number=Sing	_	_	_	@psg1987f-words#@psg1987f#322.05#322.432
513	мир	мир	NOUN	_	Animacy=Inan|Case=Nom|Gender=Masc|Number=Sing	_	_	_	@psg1987f-words#@psg1987f#322.432#322.816
514	ну	ну	PART	_	_	_	_	_	@psg1987f-words#@psg1987f#323.439#323.904
515	то	то	PRON	_	Animacy=Inan|Case=Nom|Gender=Neut|Number=Sing	_	_	_	@psg1987f-words#@psg1987f#323.904#324.369
516	есть	быть	VERB	_	Aspect=Imp|Mood=Ind|Number=Sing|Person=3|Tense=Pres|VerbForm=Fin|Voice=Act	_	_	_	@psg1987f-words#@psg1987f#324.369#324.834
517	/	/	PUNCT	_	_	_	_	_	@psg1987f-words#@psg1987f#324.834#325.299
518	вообще	вообще	ADV	_	Degree=Pos	_	_	_	@psg1987f-words#@psg1987f#325.299#325.764
519	другой	другой	ADJ	_	Case=Nom|Degree=Pos|Gender=Masc|Number=Sing	_	_	_	@psg1987f-words#@psg1987f#325.764#326.232
520	ну	ну	PART	_	_	_	_	_	@psg1987f-words#@psg1987f#326.418#326.689
521	вот	вот	PART	_	_	_	_	_	@psg1987f-words#@psg1987f#326.689#326.96
522	это	это	PRON	_	Animacy=Inan|Case=Nom|Gender=Neut|Number=Sing	_	_	_	@psg1987f-words#@psg1987f#326.96#327.232
523	например	например	ADV	_	Degree=Pos	_	_	_	@psg1987f-words#@psg1987f#327.338#327.661
524	?	?	PUNCT	_	_	_	_	_	@psg1987f-words#@psg1987f#327.661#327.985
525	если	если	SCONJ	_	_	_	_	_	@psg1987f-words#@psg1987f#328.235#328.571
526	мы	мы	PRON	_	Case=Nom|Number=Plur|Person=1	_	_	_	@psg1987f-words#@psg1987f#328.571#328.907
527	все	весь	DET	_	Case=Nom|Number=Plur	_	_	_	@psg1987f-words#@psg1987f#328.907#329.243
528	здесь	здесь	ADV	_	Degree=Pos	_	_	_	@psg1987f-words#@psg1987f#329.243#329.579
529	за	за	ADP	_	_	_	_	_	@psg1987f-words#@psg1987f#329.579#329.915
530	естественность	естественность	NOUN	_	Animacy=Inan|Case=Acc|Gender=Fem|Number=Sing	_	_	_	@psg1987f-words#@psg1987f#329.915#330.251
531	/	/	PUNCT	_	_	_	_	_	@psg1987f-words#@psg1987f#330.251#330.587
532	за	за	ADP	_	_	_	_	_	@psg1987f-words#@psg1987f#330.587#330.923
533	минимум	минимум	NOUN	_	Animacy=Inan|Case=Acc|Gender=Masc|Number=Sing	_	_	_	@psg1987f-words#@psg1987f#330.923#331.259
534	мей	мя	NOUN	_	Animacy=Inan|Case=Gen|Gender=Fem|Number=Plur	_	_	_	@psg1987f-words#@psg1987f#331.259#331.595
535	там	там	ADV	_	Degree=Pos	_	_	_	@psg1987f-words#@psg1987f#331.595#331.931
536	мэйк-апа	мэйк-ап	NOUN	_	Animacy=Inan|Case=Gen|Gender=Masc|Number=Sing	_	_	_	@psg1987f-words#@psg1987f#331.931#332.267
537	/	/	PUNCT	_	_	_	_	_	@psg1987f-words#@psg1987f#332.267#332.603
538	боди	бодь	NOUN	_	Animacy=Inan|Case=Nom|Gender=Fem|Number=Plur	_	_	_	@psg1987f-words#@psg1987f#332.603#332.939
539	пОзитив	пОзитив	NOUN	_	Animacy=Inan|Case=Gen|Gender=Fem|Number=Plur	_	_	_	@psg1987f-words#@psg1987f#332.939#333.275
540	или	или	CCONJ	_	_	_	_	_	@psg1987f-words#@psg1987f#333.275#333.611
541	/	/	PUNCT	_	_	_	_	_	@psg1987f-words#@psg1987f#333.611#333.947
542	ну	ну	PART	_	_	_	_	_	@psg1987f-words#@psg1987f#333.947#334.283
543	/	/	PUNCT	_	_	_	_	_	@psg1987f-words#@psg1987f#334.283#334.619
544	все	все	PRON	_	Animacy=Inan|Case=Nom|Gender=Neut|Number=Sing	_	_	_	@psg1987f-words#@psg1987f#334.619#334.955
545	/	/	PUNCT	_	_	_	_	_	@psg1987f-words#@psg1987f#334.955#335.291
546	что	что	PRON	_	Case=Acc	_	_	_	@psg1987f-words#@psg1987f#335.291#335.627
547	угодно	угодно	ADV	_	Degree=Pos	_	_	_	@psg1987f-words#@psg1987f#335.627#335.963
548	/	/	PUNCT	_	_	_	_	_	@psg1987f-words#@psg1987f#335.963#336.299
549	да	да	PART	_	_	_	_	_	@psg1987f-words#@psg1987f#336.299#336.635
550	/	/	PUNCT	_	_	_	_	_	@psg1987f-words#@psg1987f#336.635#336.971
551	за	за	ADP	_	_	_	_	_	@psg1987f-words#@psg1987f#336.971#337.307
552	естественность	естественность	NOUN	_	Animacy=Inan|Case=Acc|Gender=Fem|Number=Sing	_	_	_	@psg1987f-words#@psg1987f#337.307#337.643
553	/	/	PUNCT	_	_	_	_	_	@psg1987f-words#@psg1987f#337.643#337.979
554	заа	за	NOUN	_	Animacy=Inan|Case=Gen|Gender=Masc|Number=Sing	_	_	_	@psg1987f-words#@psg1987f#337.979#338.315
555	/	/	PUNCT	_	_	_	_	_	@psg1987f-words#@psg1987f#338.315#338.651
556	вот	вот	PART	_	_	_	_	_	@psg1987f-words#@psg1987f#338.651#338.992
557	это	это	PRON	_	Animacy=Inan|Case=Nom|Gender=Neut|Number=Sing	_	_	_	@psg1987f-words#@psg1987f#339.161#339.496
558	щас	щас	ADV	_	Degree=Pos	_	_	_	@psg1987f-words#@psg1987f#339.496#339.831
559	тренд	тренд	NOUN	_	Animacy=Inan|Case=Nom|Gender=Masc|Number=Sing	_	_	_	@psg1987f-words#@psg1987f#339.831#340.166
560	у	у	ADP	_	_	_	_	_	@psg1987f-words#@psg1987f#340.166#340.501
561	нас	мы	PRON	_	Case=Gen|Number=Plur|Person=1	_	_	_	@psg1987f-words#@psg1987f#340.501#340.836
562	здесь	здесь	ADV	_	Degree=Pos	_	_	_	@psg1987f-words#@psg1987f#340.836#341.176
563	нет	нет	VERB	_	Aspect=Imp|Mood=Ind|Number=Sing|Person=3|Tense=Pres|VerbForm=Fin|Voice=Act	_	_	_	@psg1987f-words#@psg1987f#341.844#342.131
564	ну	н	PART	_	_	_	_	_	@psg1987f-words#@psg1987f#344.051#344.426
565	не	не	PART	_	_	_	_	_	@psg1987f-words#@psg1987f#344.426#344.801
566	то	то	PRON	_	Animacy=Inan|Case=Nom|Gender=Neut|Number=Sing	_	_	_	@psg1987f-words#@psg1987f#344.801#345.176
567	что	что	PRON	_	Case=Nom	_	_	_	@psg1987f-words#@psg1987f#345.176#345.551
568	бы	бы	AUX	_	_	_	_	_	@psg1987f-words#@psg1987f#345.551#345.926
569	искусственное	искусственный	ADJ	_	Case=Acc|Degree=Pos|Gender=Neut|Number=Sing	_	_	_	@psg1987f-words#@psg1987f#345.926#346.301
570	/	/	PUNCT	_	_	_	_	_	@psg1987f-words#@psg1987f#346.301#346.676
571	но	но	CCONJ	_	_	_	_	_	@psg1987f-words#@psg1987f#346.676#347.051
572	все	все	PRON	_	Animacy=Inan|Case=Nom|Gender=Neut|Number=Sing	_	_	_	@psg1987f-words#@psg1987f#347.051#347.426
573	очень	очень	ADV	_	Degree=Pos	_	_	_	@psg1987f-words#@psg1987f#347.426#347.801
574	артистичное	артистичный	ADJ	_	Case=Nom|Degree=Pos|Gender=Neut|Number=Sing	_	_	_	@psg1987f-words#@psg1987f#347.801#348.183
575	ааа	аа	NOUN	_	Animacy=Inan|Case=Gen|Gender=Masc|Number=Sing	_	_	_	@psg1987f-words#@psg1987f#348.962#349.319
576	если	если	SCONJ	_	_	_	_	_	@psg1987f-words#@psg1987f#349.319#349.676
577	большие	большой	ADJ	_	Case=Nom|Degree=Pos|Number=Plur	_	_	_	@psg1987f-words#@psg1987f#349.676#350.033
578	глаза	глаз	NOUN	_	Animacy=Inan|Case=Nom|Gender=Masc|Number=Plur	_	_	_	@psg1987f-words#@psg1987f#350.033#350.39
579	/	/	PUNCT	_	_	_	_	_	@psg1987f-words#@psg1987f#350.39#350.747
580	то	то	SCONJ	_	_	_	_	_	@psg1987f-words#@psg1987f#350.747#351.104
581	они	они	PRON	_	Case=Nom|Number=Plur|Person=3	_	_	_	@psg1987f-words#@psg1987f#351.104#351.461
582	подведены	подвести	VERB	_	Aspect=Perf|Number=Plur|Tense=Past|Variant=Short|VerbForm=Part|Voice=Pass	_	_	_	@psg1987f-words#@psg1987f#351.461#351.818
583	еще	еще	ADV	_	Degree=Pos	_	_	_	@psg1987f-words#@psg1987f#351.818#352.175
584	так	так	ADV	_	Degree=Pos	_	_	_	@psg1987f-words#@psg1987f#352.175#352.532
585	/	/	PUNCT	_	_	_	_	_	@psg1987f-words#@psg1987f#352.532#352.889
586	чтобы	чтобы	SCONJ	_	Mood=Cnd	_	_	_	@psg1987f-words#@psg1987f#352.889#353.246
587	они	они	PRON	_	Case=Nom|Number=Plur|Person=3	_	_	_	@psg1987f-words#@psg1987f#353.246#353.603
588	становились	становиться	VERB	_	Aspect=Imp|Mood=Ind|Number=Plur|Tense=Past|VerbForm=Fin|Voice=Mid	_	_	_	@psg1987f-words#@psg1987f#353.603#353.96
589	гипертрофированно	гипертрофированный	ADV	_	Degree=Pos	_	_	_	@psg1987f-words#@psg1987f#353.96#354.317
590	большими	большой	ADJ	_	Case=Ins|Degree=Pos|Number=Plur	_	_	_	@psg1987f-words#@psg1987f#354.317#354.678
591	если	если	SCONJ	_	_	_	_	_	@psg1987f-words#@psg1987f#354.999#355.503
592	это	этот	DET	_	Case=Nom|Gender=Neut|Number=Sing	_	_	_	@psg1987f-words#@psg1987f#355.503#356.007
593	ээ	ээ	NOUN	_	Animacy=Inan|Case=Nom|Gender=Neut|Number=Sing	_	_	_	@psg1987f-words#@psg1987f#356.007#356.513
594	не	не	PART	_	_	_	_	_	@psg1987f-words#@psg1987f#356.598#356.874
595	знаю	знать	VERB	_	Aspect=Imp|Mood=Ind|Number=Sing|Person=1|Tense=Pres|VerbForm=Fin|Voice=Act	_	_	_	@psg1987f-words#@psg1987f#356.874#357.15
596	ээ	ээ	NOUN	_	Animacy=Inan|Case=Gen|Gender=Fem|Number=Sing	_	_	_	@psg1987f-words#@psg1987f#357.495#357.847
597	румяна	румяна	NOUN	_	Animacy=Inan|Case=Gen|Gender=Masc|Number=Sing	_	_	_	@psg1987f-words#@psg1987f#357.847#358.199
598	/	/	PUNCT	_	_	_	_	_	@psg1987f-words#@psg1987f#358.199#358.551
599	то	то	SCONJ	_	_	_	_	_	@psg1987f-words#@psg1987f#358.551#358.903
600	они	они	PRON	_	Case=Nom|Number=Plur|Person=3	_	_	_	@psg1987f-words#@psg1987f#358.903#359.255
601	прям	пре	NOUN	_	Animacy=Anim|Case=Dat|Gender=Masc|Number=Plur	_	_	_	@psg1987f-words#@psg1987f#359.255#359.607
602	красного	красный	ADJ	_	Case=Gen|Degree=Pos|Gender=Neut|Number=Sing	_	_	_	@psg1987f-words#@psg1987f#359.607#359.959
603	/	/	PUNCT	_	_	_	_	_	@psg1987f-words#@psg1987f#359.959#360.311
604	буквально	буквально	ADV	_	Degree=Pos	_	_	_	@psg1987f-words#@psg1987f#360.311#360.663
605	кукольные	кукольный	ADJ	_	Case=Nom|Degree=Pos|Number=Plur	_	_	_	@psg1987f-words#@psg1987f#360.663#361.017
606	если	если	SCONJ	_	_	_	_	_	@psg1987f-words#@psg1987f#361.047#361.413
607	это	этот	PRON	_	Animacy=Inan|Case=Nom|Gender=Neut|Number=Sing	_	_	_	@psg1987f-words#@psg1987f#361.413#361.779
608	губы	губа	NOUN	_	Animacy=Inan|Case=Nom|Gender=Fem|Number=Plur	_	_	_	@psg1987f-words#@psg1987f#361.779#362.147
609	губы	губа	NOUN	_	Animacy=Inan|Case=Gen|Gender=Fem|Number=Sing	_	_	_	@psg1987f-words#@psg1987f#362.206#362.655
610	маленькие	маленький	ADJ	_	Case=Nom|Degree=Pos|Number=Plur	_	_	_	@psg1987f-words#@psg1987f#362.655#363.104
611	губы	губа	NOUN	_	Animacy=Inan|Case=Nom|Gender=Fem|Number=Plur	_	_	_	@psg1987f-words#@psg1987f#363.234#364.033
612	маленькие	маленький	ADJ	_	Case=Nom|Degree=Pos|Number=Plur	_	_	_	@psg1987f-words#@psg1987f#364.033#364.833
613	свои	свой	DET	_	Case=Acc|Number=Plur	_	_	_	@psg1987f-words#@psg1987f#366.883#367.488
614	/	/	PUNCT	_	_	_	_	_	@psg1987f-words#@psg1987f#367.488#368.093
615	настоящие	настоящий	ADJ	_	Animacy=Inan|Case=Acc|Degree=Pos|Number=Plur	_	_	_	@psg1987f-words#@psg1987f#368.093#368.7
616	со	с	ADP	_	_	_	_	_	@psg1987f-words#@psg1987f#368.766#369.024
617	мной	я	PRON	_	Case=Ins|Number=Sing|Person=1	_	_	_	@psg1987f-words#@psg1987f#369.024#369.282
618	участвовал	участвовать	VERB	_	Aspect=Imp|Gender=Masc|Mood=Ind|Number=Sing|Tense=Past|VerbForm=Fin|Voice=Act	_	_	_	@psg1987f-words#@psg1987f#369.282#369.54
619	Кристиан	Кристиан	PROPN	_	Animacy=Anim|Case=Nom|Gender=Masc|Number=Sing	_	_	_	@psg1987f-words#@psg1987f#369.54#369.798
620	Костов	Кост	PROPN	_	Animacy=Anim|Case=Nom|Gender=Masc|Number=Sing	_	_	_	@psg1987f-words#@psg1987f#369.798#370.056
621	/	/	PUNCT	_	_	_	_	_	@psg1987f-words#@psg1987f#370.056#370.314
622	это	это	PRON	_	Animacy=Inan|Case=Acc|Gender=Neut|Number=Sing	_	_	_	@psg1987f-words#@psg1987f#370.314#370.572
623	эм	эй	ADJ	_	Case=Ins|Degree=Pos|Gender=Neut|Number=Sing	_	_	_	@psg1987f-words#@psg1987f#370.572#370.83
624	эм	эм	NOUN	_	Animacy=Inan|Case=Ins|Gender=Neut|Number=Sing	_	_	_	@psg1987f-words#@psg1987f#370.83#371.088
625	/	/	PUNCT	_	_	_	_	_	@psg1987f-words#@psg1987f#371.088#371.346
626	мальчик	мальчик	NOUN	_	Animacy=Anim|Case=Nom|Gender=Masc|Number=Sing	_	_	_	@psg1987f-words#@psg1987f#371.346#371.604
627	/	/	PUNCT	_	_	_	_	_	@psg1987f-words#@psg1987f#371.604#371.862
628	который	который	PRON	_	Case=Nom	_	_	_	@psg1987f-words#@psg1987f#371.862#372.12
629	з..	з..	PROPN	_	Animacy=Anim|Case=Nom|Gender=Masc|Number=Sing	_	_	_	@psg1987f-words#@psg1987f#372.12#372.378
630	у	у	ADP	_	_	_	_	_	@psg1987f-words#@psg1987f#372.378#372.636
631	нас	мы	PRON	_	Case=Gen|Number=Plur|Person=1	_	_	_	@psg1987f-words#@psg1987f#372.636#372.894
632	тоже	тоже	PART	_	_	_	_	_	@psg1987f-words#@psg1987f#372.894#373.152
633	участвовал	участвовать	VERB	_	Aspect=Imp|Gender=Masc|Mood=Ind|Number=Sing|Tense=Past|VerbForm=Fin|Voice=Act	_	_	_	@psg1987f-words#@psg1987f#373.152#373.41
634	в	в	ADP	_	_	_	_	_	@psg1987f-words#@psg1987f#373.41#373.668
635	детском	детский	ADJ	_	Case=Loc|Degree=Pos|Gender=Masc|Number=Sing	_	_	_	@psg1987f-words#@psg1987f#373.668#373.926
636	Голосе	голос	PROPN	_	Animacy=Inan|Case=Loc|Gender=Masc|Number=Sing	_	_	_	@psg1987f-words#@psg1987f#373.926#374.184
637	и	и	CCONJ	_	_	_	_	_	@psg1987f-words#@psg1987f#374.184#374.442
638	на	на	ADP	_	_	_	_	_	@psg1987f-words#@psg1987f#374.442#374.7
639	Евровидении	Евровидения	PROPN	_	Animacy=Inan|Case=Loc|Gender=Fem|Number=Sing	_	_	_	@psg1987f-words#@psg1987f#374.7#374.958
640	/	/	PUNCT	_	_	_	_	_	@psg1987f-words#@psg1987f#374.958#375.216
641	в	в	ADP	_	_	_	_	_	@psg1987f-words#@psg1987f#375.216#375.474
642	общем	общий	ADJ	_	Case=Loc|Degree=Pos|Gender=Neut|Number=Sing	_	_	_	@psg1987f-words#@psg1987f#375.474#375.732
643	он	он	PRON	_	Case=Nom|Gender=Masc|Number=Sing|Person=3	_	_	_	@psg1987f-words#@psg1987f#375.732#376.011
644	ему	он	PRON	_	Case=Dat|Gender=Masc|Number=Sing|Person=3	_	_	_	@psg1987f-words#@psg1987f#376.249#376.72
645	18	18	NUM	_	_	_	_	_	@psg1987f-words#@psg1987f#376.72#377.191
646	лет	год	NOUN	_	Animacy=Inan|Case=Gen|Gender=Masc|Number=Plur	_	_	_	@psg1987f-words#@psg1987f#377.191#377.662
647	вчерб	вчер	NOUN	_	Animacy=Inan|Case=Gen|Gender=Fem|Number=Plur	_	_	_	@psg1987f-words#@psg1987f#377.662#378.133
648	всего	все	PRON	_	Animacy=Inan|Case=Gen|Gender=Neut|Number=Sing	_	_	_	@psg1987f-words#@psg1987f#378.133#378.607
649	и	и	CCONJ	_	_	_	_	_	@psg1987f-words#@psg1987f#378.849#379.124
650	вот	вот	PART	_	_	_	_	_	@psg1987f-words#@psg1987f#379.124#379.399
651	он	он	PRON	_	Case=Nom|Gender=Masc|Number=Sing|Person=3	_	_	_	@psg1987f-words#@psg1987f#379.399#379.674
652	очень	очень	ADV	_	Degree=Pos	_	_	_	@psg1987f-words#@psg1987f#379.674#379.949
653	субтильный	субтильный	ADJ	_	Case=Nom|Degree=Pos|Gender=Masc|Number=Sing	_	_	_	@psg1987f-words#@psg1987f#379.949#380.224
654	ааа	аа	NOUN	_	Animacy=Inan|Case=Gen|Gender=Masc|Number=Sing	_	_	_	@psg1987f-words#@psg1987f#380.224#380.499
655	ааа	аа	NOUN	_	Animacy=Inan|Case=Gen|Gender=Masc|Number=Sing	_	_	_	@psg1987f-words#@psg1987f#381.074#381.505
656	/	/	PUNCT	_	_	_	_	_	@psg1987f-words#@psg1987f#381.505#381.936
657	он	он	PRON	_	Case=Nom|Gender=Masc|Number=Sing|Person=3	_	_	_	@psg1987f-words#@psg1987f#381.936#382.367
658	черненький	черненький	ADJ	_	Case=Nom|Degree=Pos|Gender=Masc|Number=Sing	_	_	_	@psg1987f-words#@psg1987f#382.367#382.798
659	/	/	PUNCT	_	_	_	_	_	@psg1987f-words#@psg1987f#382.798#383.229
660	высокий	высокий	ADJ	_	Case=Nom|Degree=Pos|Gender=Masc|Number=Sing	_	_	_	@psg1987f-words#@psg1987f#383.229#383.66
661	и	и	CCONJ	_	_	_	_	_	@psg1987f-words#@psg1987f#384.272#384.633
662	эээ	эээ	X	_	Foreign=Yes	_	_	_	@psg1987f-words#@psg1987f#384.633#384.994
663	он	он	PRON	_	Case=Nom|Gender=Masc|Number=Sing|Person=3	_	_	_	@psg1987f-words#@psg1987f#384.994#385.355
664	начал	начать	VERB	_	Aspect=Perf|Gender=Masc|Mood=Ind|Number=Sing|Tense=Past|VerbForm=Fin|Voice=Act	_	_	_	@psg1987f-words#@psg1987f#385.355#385.716
665	играть	играть	VERB	_	Aspect=Imp|VerbForm=Inf|Voice=Act	_	_	_	@psg1987f-words#@psg1987f#385.716#386.077
666	сразу	сразу	ADV	_	Degree=Pos	_	_	_	@psg1987f-words#@psg1987f#386.077#386.438
667	же	же	PART	_	_	_	_	_	@psg1987f-words#@psg1987f#386.438#386.799
668	по	по	ADP	_	_	_	_	_	@psg1987f-words#@psg1987f#386.799#387.16
669	их	их	DET	_	_	_	_	_	@psg1987f-words#@psg1987f#387.16#387.521
670	правилам	правило	NOUN	_	Animacy=Inan|Case=Dat|Gender=Neut|Number=Plur	_	_	_	@psg1987f-words#@psg1987f#387.521#387.882
671	/	/	PUNCT	_	_	_	_	_	@psg1987f-words#@psg1987f#387.882#388.243
672	то	то	PRON	_	Animacy=Inan|Case=Nom|Gender=Neut|Number=Sing	_	_	_	@psg1987f-words#@psg1987f#388.243#388.604
673	есть	быть	VERB	_	Aspect=Imp|Mood=Ind|Number=Sing|Person=3|Tense=Pres|VerbForm=Fin|Voice=Act	_	_	_	@psg1987f-words#@psg1987f#388.604#388.965
674	он	он	PRON	_	Case=Nom|Gender=Masc|Number=Sing|Person=3	_	_	_	@psg1987f-words#@psg1987f#388.965#389.326
675	начал	начать	VERB	_	Aspect=Perf|Gender=Masc|Mood=Ind|Number=Sing|Tense=Past|VerbForm=Fin|Voice=Act	_	_	_	@psg1987f-words#@psg1987f#389.326#389.687
676	одеваться	одеваться	VERB	_	Aspect=Imp|VerbForm=Inf|Voice=Mid	_	_	_	@psg1987f-words#@psg1987f#389.687#390.048
677	так	так	ADV	_	Degree=Pos	_	_	_	@psg1987f-words#@psg1987f#390.048#390.409
678	же	же	PART	_	_	_	_	_	@psg1987f-words#@psg1987f#390.409#390.77
679	как	как	SCONJ	_	_	_	_	_	@psg1987f-words#@psg1987f#390.77#391.131
680	они	они	PRON	_	Case=Nom|Number=Plur|Person=3	_	_	_	@psg1987f-words#@psg1987f#391.131#391.492
681	/	/	PUNCT	_	_	_	_	_	@psg1987f-words#@psg1987f#391.492#391.853
682	подкрашивать	подкрашивать	VERB	_	Aspect=Imp|VerbForm=Inf|Voice=Act	_	_	_	@psg1987f-words#@psg1987f#391.853#392.214
683	глаза	глаз	NOUN	_	Animacy=Inan|Case=Acc|Gender=Masc|Number=Plur	_	_	_	@psg1987f-words#@psg1987f#392.214#392.575
684	/	/	PUNCT	_	_	_	_	_	@psg1987f-words#@psg1987f#392.575#392.936
685	да	да	PART	_	_	_	_	_	@psg1987f-words#@psg1987f#392.936#393.297
686	/	/	PUNCT	_	_	_	_	_	@psg1987f-words#@psg1987f#393.297#393.658
687	артисты	артист	NOUN	_	Animacy=Anim|Case=Nom|Gender=Masc|Number=Plur	_	_	_	@psg1987f-words#@psg1987f#393.658#394.019
688	красят	красить	VERB	_	Aspect=Imp|Mood=Ind|Number=Plur|Person=3|Tense=Pres|VerbForm=Fin|Voice=Act	_	_	_	@psg1987f-words#@psg1987f#394.019#394.38
689	/	/	PUNCT	_	_	_	_	_	@psg1987f-words#@psg1987f#394.38#394.741
690	мужчины	мужчина	NOUN	_	Animacy=Anim|Case=Nom|Gender=Masc|Number=Plur	_	_	_	@psg1987f-words#@psg1987f#394.741#395.102
691	красят	красить	VERB	_	Aspect=Imp|Mood=Ind|Number=Plur|Person=3|Tense=Pres|VerbForm=Fin|Voice=Act	_	_	_	@psg1987f-words#@psg1987f#395.102#395.463
692	глаза	глаз	NOUN	_	Animacy=Inan|Case=Acc|Gender=Masc|Number=Plur	_	_	_	@psg1987f-words#@psg1987f#395.463#395.824
693	/	/	PUNCT	_	_	_	_	_	@psg1987f-words#@psg1987f#395.824#396.185
694	вот	вот	PART	_	_	_	_	_	@psg1987f-words#@psg1987f#396.185#396.546
695	/	/	PUNCT	_	_	_	_	_	@psg1987f-words#@psg1987f#396.546#396.907
696	подводят	подводить	VERB	_	Aspect=Imp|Mood=Ind|Number=Plur|Person=3|Tense=Pres|VerbForm=Fin|Voice=Act	_	_	_	@psg1987f-words#@psg1987f#396.907#397.268
697	черным	черный	ADJ	_	Case=Ins|Degree=Pos|Gender=Neut|Number=Sing	_	_	_	@psg1987f-words#@psg1987f#397.268#397.66
698	чтобы	чтобы	SCONJ	_	Mood=Cnd	_	_	_	@psg1987f-words#@psg1987f#398.18#398.64
699	они	они	PRON	_	Case=Nom|Number=Plur|Person=3	_	_	_	@psg1987f-words#@psg1987f#398.64#399.1
700	казались	казаться	VERB	_	Aspect=Imp|Mood=Ind|Number=Plur|Tense=Past|VerbForm=Fin|Voice=Mid	_	_	_	@psg1987f-words#@psg1987f#399.1#399.56
701	выразительней	выразительно	ADV	_	Degree=Cmp	_	_	_	@psg1987f-words#@psg1987f#399.56#400.02
702	и	и	CCONJ	_	_	_	_	_	@psg1987f-words#@psg1987f#400.02#400.48
703	ярче	ярко	ADV	_	Degree=Cmp	_	_	_	@psg1987f-words#@psg1987f#400.48#400.94
704	они	они	PRON	_	Case=Nom|Number=Plur|Person=3	_	_	_	@psg1987f-words#@psg1987f#401.14#401.67
705	а	а	CCONJ	_	_	_	_	_	@psg1987f-words#@psg1987f#401.67#402.2
706	белят	белеть	VERB	_	Aspect=Imp|Mood=Ind|Number=Plur|Person=3|Tense=Pres|VerbForm=Fin|Voice=Act	_	_	_	@psg1987f-words#@psg1987f#402.2#402.73
707	лицо	лицо	NOUN	_	Animacy=Inan|Case=Acc|Gender=Neut|Number=Sing	_	_	_	@psg1987f-words#@psg1987f#402.73#403.26
708	всегда	всегда	ADV	_	Degree=Pos	_	_	_	@psg1987f-words#@psg1987f#403.705#404.339
709	ааа	аа	NOUN	_	Animacy=Inan|Case=Gen|Gender=Masc|Number=Sing	_	_	_	@psg1987f-words#@psg1987f#404.629#404.974
710	/	/	PUNCT	_	_	_	_	_	@psg1987f-words#@psg1987f#404.974#405.319
711	то	то	PRON	_	Animacy=Inan|Case=Nom|Gender=Neut|Number=Sing	_	_	_	@psg1987f-words#@psg1987f#405.319#405.664
712	есть	быть	VERB	_	Aspect=Imp|Mood=Ind|Number=Sing|Person=3|Tense=Pres|VerbForm=Fin|Voice=Act	_	_	_	@psg1987f-words#@psg1987f#405.664#406.009
713	тон	тон	NOUN	_	Animacy=Inan|Case=Nom|Gender=Masc|Number=Sing	_	_	_	@psg1987f-words#@psg1987f#406.009#406.354
714	всегда	всегда	ADV	_	Degree=Pos	_	_	_	@psg1987f-words#@psg1987f#406.354#406.699
715	белый	белый	ADJ	_	Case=Nom|Degree=Pos|Gender=Masc|Number=Sing	_	_	_	@psg1987f-words#@psg1987f#406.699#407.049
716	то	то	PRON	_	Animacy=Inan|Case=Nom|Gender=Neut|Number=Sing	_	_	_	@psg1987f-words#@psg1987f#407.123#407.442
717	есть	быть	VERB	_	Aspect=Imp|Mood=Ind|Number=Sing|Person=3|Tense=Pres|VerbForm=Fin|Voice=Act	_	_	_	@psg1987f-words#@psg1987f#407.442#407.761
718	у	у	ADP	_	_	_	_	_	@psg1987f-words#@psg1987f#407.761#408.08
719	него	он	PRON	_	Case=Gen|Gender=Masc|Number=Sing|Person=3	_	_	_	@psg1987f-words#@psg1987f#408.08#408.399
720	фантастическая	фантастический	ADJ	_	Case=Nom|Degree=Pos|Gender=Fem|Number=Sing	_	_	_	@psg1987f-words#@psg1987f#408.399#408.718
721	там	там	ADV	_	Degree=Pos	_	_	_	@psg1987f-words#@psg1987f#408.718#409.037
722	популярность	популярность	NOUN	_	Animacy=Inan|Case=Nom|Gender=Fem|Number=Sing	_	_	_	@psg1987f-words#@psg1987f#409.037#409.358
723	самый	самый	ADJ	_	Case=Nom|Degree=Pos|Gender=Masc|Number=Sing	_	_	_	@psg1987f-words#@psg1987f#409.362#409.615
724	ну	ну	PART	_	_	_	_	_	@psg1987f-words#@psg1987f#409.708#409.897
725	восемнадцать	восемнадцать	NUM	_	Case=Acc	_	_	_	@psg1987f-words#@psg1987f#410.052#410.51
726	лет	год	NOUN	_	Animacy=Inan|Case=Gen|Gender=Masc|Number=Plur	_	_	_	@psg1987f-words#@psg1987f#410.51#410.969
727	все	весь	DET	_	Case=Nom|Number=Plur	_	_	_	@psg1987f-words#@psg1987f#410.999#411.536
728	девчонки	девчонка	NOUN	_	Animacy=Anim|Case=Nom|Gender=Fem|Number=Plur	_	_	_	@psg1987f-words#@psg1987f#411.536#412.073
729	его	он	DET	_	_	_	_	_	@psg1987f-words#@psg1987f#412.073#412.611
730	закончился	закончиться	VERB	_	Aspect=Perf|Gender=Masc|Mood=Ind|Number=Sing|Tense=Past|VerbForm=Fin|Voice=Mid	_	_	_	@ish1984f-words#@ish1984f#107.145#108.572
731	сингер	сингер	NOUN	_	Animacy=Inan|Case=Nom|Gender=Masc|Number=Sing	_	_	_	@ish1984f-words#@ish1984f#108.572#110.0
732	да	да	CCONJ	_	_	_	_	_	@ish1984f-words#@ish1984f#110.0#110.203
733	вот	вот	PART	_	_	_	_	_	@ish1984f-words#@ish1984f#110.203#110.406
734	мне	я	PRON	_	Case=Dat|Number=Sing|Person=1	_	_	_	@ish1984f-words#@ish1984f#110.406#110.61
735	вот	вот	PART	_	_	_	_	_	@ish1984f-words#@ish1984f#112.71#113.005
736	/	/	PUNCT	_	_	_	_	_	@ish1984f-words#@ish1984f#113.005#113.3
737	расскажи	рассказать	VERB	_	Aspect=Perf|Mood=Imp|Number=Sing|Person=2|VerbForm=Fin|Voice=Act	_	_	_	@ish1984f-words#@ish1984f#113.3#113.595
738	мне	я	PRON	_	Case=Dat|Number=Sing|Person=1	_	_	_	@ish1984f-words#@ish1984f#113.595#113.89
739	/	/	PUNCT	_	_	_	_	_	@ish1984f-words#@ish1984f#113.89#114.185
740	значит	значить	ADV	_	Degree=Pos	_	_	_	@ish1984f-words#@ish1984f#114.185#114.48
741	э	эра	INTJ	_	_	_	_	_	@ish1984f-words#@ish1984f#114.48#114.775
742	/	/	PUNCT	_	_	_	_	_	@ish1984f-words#@ish1984f#114.775#115.07
743	во-первых	во-первых	ADV	_	Degree=Pos	_	_	_	@ish1984f-words#@ish1984f#115.07#115.365
744	/	/	PUNCT	_	_	_	_	_	@ish1984f-words#@ish1984f#115.365#115.66
745	это	это	PRON	_	Animacy=Inan|Case=Nom|Gender=Neut|Number=Sing	_	_	_	@ish1984f-words#@ish1984f#115.66#115.955
746	конкурс	конкурс	NOUN	_	Animacy=Inan|Case=Nom|Gender=Masc|Number=Sing	_	_	_	@ish1984f-words#@ish1984f#115.955#116.25
747	среди	среди	ADP	_	_	_	_	_	@ish1984f-words#@ish1984f#116.25#116.545
748	профессионалов	профессионал	NOUN	_	Animacy=Anim|Case=Gen|Gender=Masc|Number=Plur	_	_	_	@ish1984f-words#@ish1984f#116.545#116.84
749	китайского	китайский	ADJ	_	Case=Gen|Degree=Pos|Gender=Masc|Number=Sing	_	_	_	@ish1984f-words#@ish1984f#141.65#142.03
750	шоубиз	шоубиз	NOUN	_	Animacy=Inan|Case=Gen|Gender=Masc|Number=Plur	_	_	_	@ish1984f-words#@ish1984f#142.03#142.41
751	?	?	PUNCT	_	_	_	_	_	@ish1984f-words#@ish1984f#142.41#142.79
752	то	то	PRON	_	Animacy=Inan|Case=Nom|Gender=Neut|Number=Sing	_	_	_	@ish1984f-words#@ish1984f#152.749#152.974
753	есть	быть	VERB	_	Aspect=Imp|Mood=Ind|Number=Sing|Person=3|Tense=Pres|VerbForm=Fin|Voice=Act	_	_	_	@ish1984f-words#@ish1984f#152.974#153.199
754	это	это	PRON	_	Animacy=Inan|Case=Nom|Gender=Neut|Number=Sing	_	_	_	@ish1984f-words#@ish1984f#153.199#153.424
755	/	/	PUNCT	_	_	_	_	_	@ish1984f-words#@ish1984f#153.424#153.649
756	если	если	SCONJ	_	_	_	_	_	@ish1984f-words#@ish1984f#153.649#153.874
757	бы	бы	AUX	_	_	_	_	_	@ish1984f-words#@ish1984f#153.874#154.099
758	у	у	ADP	_	_	_	_	_	@ish1984f-words#@ish1984f#154.099#154.324
759	нас	мы	PRON	_	Case=Gen|Number=Plur|Person=1	_	_	_	@ish1984f-words#@ish1984f#154.324#154.549
760	собрался	собраться	VERB	_	Aspect=Perf|Gender=Masc|Mood=Ind|Number=Sing|Tense=Past|VerbForm=Fin|Voice=Mid	_	_	_	@ish1984f-words#@ish1984f#154.549#154.774
761	там	там	ADV	_	Degree=Pos	_	_	_	@ish1984f-words#@ish1984f#154.774#154.999
762	Кобзон	Кобзон	PROPN	_	Animacy=Anim|Case=Nom|Gender=Masc|Number=Sing	_	_	_	@ish1984f-words#@ish1984f#154.999#155.224
763	/	/	PUNCT	_	_	_	_	_	@ish1984f-words#@ish1984f#155.224#155.449
764	Пугачева	Пугачев	PROPN	_	Animacy=Anim|Case=Acc|Gender=Masc|Number=Sing	_	_	_	@ish1984f-words#@ish1984f#155.449#155.674
765	/	/	PUNCT	_	_	_	_	_	@ish1984f-words#@ish1984f#155.674#155.899
766	Киркоров	Киркоров	PROPN	_	Animacy=Anim|Case=Nom|Gender=Masc|Number=Sing	_	_	_	@ish1984f-words#@ish1984f#155.899#156.124
767	?	?	PUNCT	_	_	_	_	_	@ish1984f-words#@ish1984f#156.124#156.355
768	вот	вот	PART	_	_	_	_	_	@ish1984f-words#@ish1984f#156.39#156.655
769	э	эра	INTJ	_	_	_	_	_	@ish1984f-words#@ish1984f#156.655#156.92
770	вот	вот	PART	_	_	_	_	_	@ish1984f-words#@ish1984f#156.92#157.185
771	такого	такой	DET	_	Case=Gen|Gender=Masc|Number=Sing	_	_	_	@ish1984f-words#@ish1984f#157.185#157.45
772	рода	род	NOUN	_	Animacy=Inan|Case=Gen|Gender=Masc|Number=Sing	_	_	_	@ish1984f-words#@ish1984f#157.45#157.715
773	люди	человек	NOUN	_	Animacy=Anim|Case=Nom|Gender=Masc|Number=Plur	_	_	_	@ish1984f-words#@ish1984f#157.715#157.98
774	?	?	PUNCT	_	_	_	_	_	@ish1984f-words#@ish1984f#157.98#158.25
775	да	да	CCONJ	_	_	_	_	_	@ish1984f-words#@ish1984f#167.305#167.53
776	/	/	PUNCT	_	_	_	_	_	@ish1984f-words#@ish1984f#167.53#167.755
777	там	там	ADV	_	Degree=Pos	_	_	_	@ish1984f-words#@ish1984f#167.755#167.98
778	была	быть	VERB	_	Aspect=Imp|Gender=Fem|Mood=Ind|Number=Sing|Tense=Past|VerbForm=Fin|Voice=Act	_	_	_	@ish1984f-words#@ish1984f#167.98#168.205
779	такая	такой	DET	_	Case=Nom|Gender=Fem|Number=Sing	_	_	_	@ish1984f-words#@ish1984f#168.205#168.43
780	/	/	PUNCT	_	_	_	_	_	@ish1984f-words#@ish1984f#168.43#168.655
781	с	с	ADP	_	_	_	_	_	@ish1984f-words#@ish1984f#168.655#168.88
782	этими	этот	DET	_	Case=Ins|Number=Plur	_	_	_	@ish1984f-words#@ish1984f#168.88#169.105
783	вот	вот	PART	_	_	_	_	_	@ish1984f-words#@ish1984f#169.105#169.33
784	в	в	ADP	_	_	_	_	_	@ish1984f-words#@ish1984f#169.352#169.941
785	балахоне	балахон	NOUN	_	Animacy=Inan|Case=Loc|Gender=Neut|Number=Sing	_	_	_	@ish1984f-words#@ish1984f#169.941#170.53
786	во-первых	во-первых	ADV	_	Degree=Pos	_	_	_	@ish1984f-words#@ish1984f#217.742#217.956
787	/	/	PUNCT	_	_	_	_	_	@ish1984f-words#@ish1984f#217.956#218.17
788	я	я	PRON	_	Case=Nom|Number=Sing|Person=1	_	_	_	@ish1984f-words#@ish1984f#218.17#218.384
789	не	не	PART	_	_	_	_	_	@ish1984f-words#@ish1984f#218.384#218.598
790	понимаю	понимать	VERB	_	Aspect=Imp|Mood=Ind|Number=Sing|Person=1|Tense=Pres|VerbForm=Fin|Voice=Act	_	_	_	@ish1984f-words#@ish1984f#218.598#218.812
791	/	/	PUNCT	_	_	_	_	_	@ish1984f-words#@ish1984f#218.812#219.026
792	каким	какой	DET	_	Case=Ins|Gender=Masc|Number=Sing	_	_	_	@ish1984f-words#@ish1984f#219.026#219.24
793	образом	образ	NOUN	_	Animacy=Inan|Case=Ins|Gender=Masc|Number=Sing	_	_	_	@ish1984f-words#@ish1984f#219.24#219.454
794	ты	ты	PRON	_	Case=Nom|Number=Sing|Person=2	_	_	_	@ish1984f-words#@ish1984f#219.454#219.668
795	там	там	ADV	_	Degree=Pos	_	_	_	@ish1984f-words#@ish1984f#219.668#219.882
796	оказалась	оказаться	VERB	_	Aspect=Perf|Gender=Fem|Mood=Ind|Number=Sing|Tense=Past|VerbForm=Fin|Voice=Mid	_	_	_	@ish1984f-words#@ish1984f#219.882#220.096
797	тебе	ты	PRON	_	Case=Dat|Number=Sing|Person=2	_	_	_	@ish1984f-words#@ish1984f#220.096#220.361
798	позвонили	звонить	VERB	_	Aspect=Perf|Mood=Ind|Number=Plur|Tense=Past|VerbForm=Fin|Voice=Act	_	_	_	@ish1984f-words#@ish1984f#220.361#220.626
799	?	?	PUNCT	_	_	_	_	_	@ish1984f-words#@ish1984f#220.626#220.891
800	ты	ты	PRON	_	Case=Nom|Number=Sing|Person=2	_	_	_	@ish1984f-words#@ish1984f#221.037#221.244
801	узнала	узнать	VERB	_	Aspect=Perf|Gender=Fem|Mood=Ind|Number=Sing|Tense=Past|VerbForm=Fin|Voice=Act	_	_	_	@ish1984f-words#@ish1984f#221.244#221.451
802	об	о	ADP	_	_	_	_	_	@ish1984f-words#@ish1984f#221.451#221.658
803	этом	этот	DET	_	Case=Loc|Gender=Masc|Number=Sing	_	_	_	@ish1984f-words#@ish1984f#221.658#221.865
804	конкурсе	конкурс	NOUN	_	Animacy=Inan|Case=Loc|Gender=Masc|Number=Sing	_	_	_	@ish1984f-words#@ish1984f#221.865#222.072
805	?	?	PUNCT	_	_	_	_	_	@ish1984f-words#@ish1984f#222.072#222.279
806	/	/	PUNCT	_	_	_	_	_	@ish1984f-words#@ish1984f#222.279#222.486
807	или	или	CCONJ	_	_	_	_	_	@ish1984f-words#@ish1984f#222.486#222.693
808	ааа	аа	NOUN	_	Animacy=Inan|Case=Nom|Gender=Fem|Number=Sing	_	_	_	@ish1984f-words#@ish1984f#226.467#226.926
809	да-да-да	да-да-д	ADV	_	Degree=Pos	_	_	_	@ish1984f-words#@ish1984f#246.447#247.079
810	угу	уга	NOUN	_	Animacy=Anim|Case=Acc|Gender=Fem|Number=Sing	_	_	_	@ish1984f-words#@ish1984f#277.373#277.573
811	да	да	CCONJ	_	_	_	_	_	@ish1984f-words#@ish1984f#279.103#279.249
812	да	да	PART	_	_	_	_	_	@ish1984f-words#@ish1984f#279.249#279.395
813	да	да	PART	_	_	_	_	_	@ish1984f-words#@ish1984f#279.395#279.541
814	да	да	PART	_	_	_	_	_	@ish1984f-words#@ish1984f#279.541#279.688
815	а	а	CCONJ	_	_	_	_	_	@ish1984f-words#@ish1984f#294.824#295.123
816	тебе	ты	PRON	_	Case=Dat|Number=Sing|Person=2	_	_	_	@ish1984f-words#@ish1984f#295.123#295.422
817	был	быть	AUX	_	Aspect=Imp|Gender=Masc|Mood=Ind|Number=Sing|Tense=Past|VerbForm=Fin|Voice=Act	_	_	_	@ish1984f-words#@ish1984f#295.422#295.721
818	важен	важный	VERB	_	Aspect=Perf|Gender=Masc|Number=Sing|Tense=Past|Variant=Short|VerbForm=Part|Voice=Pass	_	_	_	@ish1984f-words#@ish1984f#295.721#296.02
819	китайский	китайский	ADJ	_	Case=Nom|Degree=Pos|Gender=Masc|Number=Sing	_	_	_	@ish1984f-words#@ish1984f#296.02#296.319
820	рынок	рынок	NOUN	_	Animacy=Inan|Case=Nom|Gender=Masc|Number=Sing	_	_	_	@ish1984f-words#@ish1984f#296.319#296.618
821	?	?	PUNCT	_	_	_	_	_	@ish1984f-words#@ish1984f#296.618#296.918
822	очень	очень	ADV	_	Degree=Pos	_	_	_	@ish1984f-words#@ish1984f#298.455#298.686
823	многие	много	NUM	_	_	_	_	_	@ish1984f-words#@ish1984f#298.686#298.917
824	артисты	артист	NOUN	_	Animacy=Anim|Case=Nom|Gender=Masc|Number=Plur	_	_	_	@ish1984f-words#@ish1984f#298.917#299.148
825	же	же	PART	_	_	_	_	_	@ish1984f-words#@ish1984f#299.148#299.379
826	вообще-то	вообщй-то	NOUN	_	Animacy=Inan|Case=Gen|Gender=Fem|Number=Sing	_	_	_	@ish1984f-words#@ish1984f#299.379#299.61
827	на	на	ADP	_	_	_	_	_	@ish1984f-words#@ish1984f#299.61#299.841
828	него	он	PRON	_	Case=Acc|Gender=Masc|Number=Sing|Person=3	_	_	_	@ish1984f-words#@ish1984f#299.841#300.072
829	заходят	заходить	VERB	_	Aspect=Imp|Mood=Ind|Number=Plur|Person=3|Tense=Pres|VerbForm=Fin|Voice=Act	_	_	_	@ish1984f-words#@ish1984f#300.072#300.303
830	/	/	PUNCT	_	_	_	_	_	@ish1984f-words#@ish1984f#300.303#300.534
831	там	там	ADV	_	Degree=Pos	_	_	_	@ish1984f-words#@ish1984f#300.534#300.765
832	/	/	PUNCT	_	_	_	_	_	@ish1984f-words#@ish1984f#300.765#300.996
833	Витас	Витас	PROPN	_	Animacy=Inan|Case=Nom|Gender=Masc|Number=Sing	_	_	_	@ish1984f-words#@ish1984f#300.996#301.227
834	чо-то	чо-то	ADV	_	Degree=Pos	_	_	_	@ish1984f-words#@ish1984f#301.227#301.458
835	ездит	ездить	VERB	_	Aspect=Imp|Mood=Ind|Number=Sing|Person=3|Tense=Pres|VerbForm=Fin|Voice=Act	_	_	_	@ish1984f-words#@ish1984f#301.458#301.689
836	делает	делать	VERB	_	Aspect=Imp|Mood=Ind|Number=Sing|Person=3|Tense=Pres|VerbForm=Fin|Voice=Act	_	_	_	@ish1984f-words#@ish1984f#301.689#301.92
837	/	/	PUNCT	_	_	_	_	_	@ish1984f-words#@ish1984f#301.92#302.151
838	Тату	Тат	ADV	_	Degree=Pos	_	_	_	@ish1984f-words#@ish1984f#302.151#302.382
839	/	/	PUNCT	_	_	_	_	_	@ish1984f-words#@ish1984f#302.382#302.613
840	я	я	PRON	_	Case=Nom|Number=Sing|Person=1	_	_	_	@ish1984f-words#@ish1984f#302.613#302.844
841	помню	помнить	VERB	_	Aspect=Imp|Mood=Ind|Number=Sing|Person=1|Tense=Pres|VerbForm=Fin|Voice=Act	_	_	_	@ish1984f-words#@ish1984f#302.844#303.075
842	/	/	PUNCT	_	_	_	_	_	@ish1984f-words#@ish1984f#303.075#303.306
843	заходили	заходить	VERB	_	Aspect=Imp|Mood=Ind|Number=Plur|Tense=Past|VerbForm=Fin|Voice=Act	_	_	_	@ish1984f-words#@ish1984f#303.306#303.537
844	на	на	ADP	_	_	_	_	_	@ish1984f-words#@ish1984f#303.537#303.768
845	этот	этот	DET	_	Case=Acc|Gender=Masc|Number=Sing	_	_	_	@ish1984f-words#@ish1984f#303.768#303.999
846	рынок	рынок	NOUN	_	Animacy=Inan|Case=Acc|Gender=Masc|Number=Sing	_	_	_	@ish1984f-words#@ish1984f#303.999#304.23
847	/	/	PUNCT	_	_	_	_	_	@ish1984f-words#@ish1984f#304.23#304.461
848	он	он	PRON	_	Case=Nom|Gender=Masc|Number=Sing|Person=3	_	_	_	@ish1984f-words#@ish1984f#304.461#304.692
849	же	же	PART	_	_	_	_	_	@ish1984f-words#@ish1984f#304.692#304.923
850	огромный	огромный	ADJ	_	Case=Nom|Degree=Pos|Gender=Masc|Number=Sing	_	_	_	@ish1984f-words#@ish1984f#304.923#305.154
851	ну	ну	PART	_	_	_	_	_	@ish1984f-words#@ish1984f#306.618#306.853
852	да	да	PART	_	_	_	_	_	@ish1984f-words#@ish1984f#306.853#307.088
853	например	например	ADV	_	Degree=Pos	_	_	_	@ish1984f-words#@ish1984f#326.294#326.681
854	?	?	PUNCT	_	_	_	_	_	@ish1984f-words#@ish1984f#326.681#327.069
855	угу	уга	NOUN	_	Animacy=Anim|Case=Acc|Gender=Masc|Number=Sing	_	_	_	@ish1984f-words#@ish1984f#335.985#336.225
856	да	да	CCONJ	_	_	_	_	_	@ish1984f-words#@ish1984f#340.022#340.169
857	да	да	PART	_	_	_	_	_	@ish1984f-words#@ish1984f#341.198#341.375
858	все	все	PRON	_	Animacy=Inan|Case=Nom|Gender=Neut|Number=Sing	_	_	_	@ish1984f-words#@ish1984f#342.684#342.937
859	искусственно	искусственно	ADV	_	Degree=Pos	_	_	_	@ish1984f-words#@ish1984f#342.937#343.19
860	?	?	PUNCT	_	_	_	_	_	@ish1984f-words#@ish1984f#343.19#343.443
861	угу	уга	NOUN	_	Animacy=Anim|Case=Acc|Gender=Masc|Number=Sing	_	_	_	@ish1984f-words#@ish1984f#354.821#354.976
862	угу	уга	NOUN	_	Animacy=Anim|Case=Acc|Gender=Fem|Number=Sing	_	_	_	@ish1984f-words#@ish1984f#364.276#364.579
863	а	а	CCONJ	_	_	_	_	_	@ish1984f-words#@ish1984f#366.865#367.094
864	что	что	PRON	_	Case=Acc	_	_	_	@ish1984f-words#@ish1984f#367.094#367.323
865	/	/	PUNCT	_	_	_	_	_	@ish1984f-words#@ish1984f#367.323#367.552
866	а	а	CCONJ	_	_	_	_	_	@ish1984f-words#@ish1984f#367.552#367.781
867	как	как	ADV	_	Degree=Pos	_	_	_	@ish1984f-words#@ish1984f#367.781#368.01
868	же	же	PART	_	_	_	_	_	@ish1984f-words#@ish1984f#368.01#368.239
869	уточки	уточка	NOUN	_	Animacy=Anim|Case=Nom|Gender=Fem|Number=Plur	_	_	_	@ish1984f-words#@ish1984f#368.239#368.468
870	?	?	PUNCT	_	_	_	_	_	@ish1984f-words#@ish1984f#368.468#368.7
871	мужчины	мужчина	NOUN	_	Animacy=Anim|Case=Nom|Gender=Masc|Number=Plur	_	_	_	@ish1984f-words#@ish1984f#393.76#394.1

